preload_amp,knee_bias,steps,reason,max_right_clearance,max_left_clearance,right_air_steps,right_air_streak,min_up_z,max_root_ang_vel,support_slip,final_x,final_y,final_x_velocity,final_y_velocity,right_force_ratio,phase_min_force,right_force_min,left_force_at_min,right_contacts_at_min,left_contacts_at_min,right_clear_at_min,left_clear_at_min,up_z_at_min,x_at_min,y_at_min
0.03,0.0,520,max_steps,0.005643518715947982,0.00262775433256706,0,0,0.9972562462644066,0.07753395208667943,0.009906309781125965,0.05751858152473856,0.046376697465060464,0.028832127789180997,-0.009382751217797925,0.34317880715312965,0.4615384615384615,112.2073552720681,214.75734340176382,2,2,0.004975302151963186,0.0026071546348002683,0.9999911528127103,0.0066594462496831685,0.055944240025345864
0.03,0.002,520,max_steps,0.005643518715947982,0.00262775433256706,0,0,0.9955543560177569,0.0994680863816514,0.009906309781125965,0.07406426413730026,0.04011329872899867,0.027599679716829542,-0.013506285812113054,0.34317880715312965,0.4615384615384615,112.2073552720681,214.75734340176382,2,2,0.004975302151963186,0.0026071546348002683,0.9999911528127103,0.0066594462496831685,0.055944240025345864
0.03,0.004,520,max_steps,0.005643518715947982,0.00262775433256706,0,0,0.9926166219660784,0.1486243543995162,0.009906309781125965,0.09541447986760801,0.027582071276010055,0.04090201838419085,-0.034530975431227406,0.34317880715312965,0.4615384615384615,112.2073552720681,214.75734340176382,2,2,0.004975302151963186,0.0026071546348002683,0.9999911528127103,0.0066594462496831685,0.055944240025345864
0.03,0.006,520,max_steps,0.005643518715947982,0.008418070770893356,0,0,0.9824247172379674,0.27796154137271306,0.011602352484229356,0.1413245366321664,-0.00237159559090172,0.17708026551355424,-0.1127158612680279,0.34317880715312965,0.4615384615384615,112.2073552720681,214.75734340176382,2,2,0.004975302151963186,0.0026071546348002683,0.9999911528127103,0.0066594462496831685,0.055944240025345864
0.034,0.0,520,max_steps,0.0056455147766979324,0.0027139852286017577,0,0,0.9955568894500306,0.08963204165249265,0.010434918690514253,0.06772793234058617,0.041053147027595424,0.0275543630827755,-0.016895944115224628,0.32940029045995994,0.4615384615384615,107.65762004668562,219.17153938227935,2,2,0.004776826395804928,0.002691798083627475,0.9999787363867433,0.006794588896482465,0.06015487473260472
0.034,0.002,520,max_steps,0.0056455147766979324,0.0027139852286017577,0,0,0.9929811847007394,0.11601738828780216,0.010434918690514253,0.08559671339265773,0.03078599793927344,0.0296166985784931,-0.030035116729055837,0.32940029045995994,0.4615384615384615,107.65762004668562,219.17153938227935,2,2,0.004776826395804928,0.002691798083627475,0.9999787363867433,0.006794588896482465,0.06015487473260472
0.034,0.004,520,max_steps,0.0056455147766979324,0.00502580766742132,0,0,0.9864689106338878,0.21484345506552108,0.010453850574351449,0.11785583731452255,0.004703541727524065,0.10255370362265386,-0.09533373231637077,0.32940029045995994,0.4615384615384615,107.65762004668562,219.17153938227935,2,2,0.004776826395804928,0.002691798083627475,0.9999787363867433,0.006794588896482465,0.06015487473260472
0.034,0.006,520,max_steps,0.0056455147766979324,0.014895202471954222,0,0,0.965438433885201,0.4968153225232058,0.02015705599713127,0.18439068251442675,-0.04390199058588453,0.32840721754805335,-0.21486709706707044,0.32940029045995994,0.4615384615384615,107.65762004668562,219.17153938227935,2,2,0.004776826395804928,0.002691798083627475,0.9999787363867433,0.006794588896482465,0.06015487473260472
0.038,0.0,520,max_steps,0.005642196861110921,0.0027972653604185355,0,0,0.9926813459940876,0.11723730702021339,0.011584278882507916,0.07624207518104861,0.027811905174225132,0.026788177312445205,-0.03637203214211012,0.1313878036713871,0.6307692307692307,32.49274815814273,214.81139461762103,1,2,0.003793830539506722,0.002401854735165014,0.9996695241696466,0.012220320977134486,0.061319567302742906
0.038,0.002,520,max_steps,0.005642196861110921,0.0032924335516353875,0,0,0.9871499513638904,0.21166257881407016,0.01127039902694412,0.10254582465369086,0.0034595865770330487,0.06178840397384808,-0.09725659941745708,0.15780834806264632,0.47115384615384615,40.489143255060824,216.08247511703922,1,2,0.004508182257530198,0.0027530167216734402,0.9999457651511736,0.006665145467451197,0.06379539172648198
0.038,0.004,520,max_steps,0.005642196861110921,0.011528916814563805,0,0,0.9689590977745641,0.429905967473022,0.0189501496190811,0.16093413186071334,-0.048254382343449954,0.2585167743017295,-0.22003435748804068,0.13067175456437136,0.5788461538461539,32.4424922815284,215.832220105123,1,2,0.004038322536259194,0.0025220668809086758,0.9997969954904781,0.009596789272832385,0.06216467325513187
0.038,0.006,520,max_steps,0.005642196861110921,0.027669535634471623,0,0,0.9110875870257034,1.004665307862868,0.047382298912445976,0.27230164844526955,-0.12819213977128344,0.622955468705621,-0.4080224653161932,0.13404533816669453,0.5596153846153846,33.432195618100984,215.97741515497762,1,2,0.00412273418761365,0.002566966288445237,0.999834226049393,0.008927567036278238,0.06253545784744959
0.042,0.0,520,max_steps,0.0056469237661885135,0.0037291681107535363,0,0,0.9835655166768604,0.256759975533777,0.013638885588261374,0.09936986203828316,-0.015780709806639474,0.0711348459624904,-0.12943956217428643,0.0882605555476548,0.6634615384615384,20.776304281995756,214.62108420122019,1,2,0.003347443703264015,0.0021793624686549384,0.9992155610298978,0.012311241926276043,0.05849308734779749
0.042,0.002,520,max_steps,0.0056469237661885135,0.011287755734447721,0,0,0.9615471645949684,0.4788304742508577,0.02116112023681274,0.1579653622187676,-0.07615936507932082,0.26204969834848824,-0.275997069664873,0.07168882346963687,0.6461538461538461,16.756947167050825,216.9886543931153,1,2,0.003465260934522707,0.0022106287617789933,0.9992611019668736,0.010903157318984303,0.0584980749338541
0.042,0.004,520,max_steps,0.0056469237661885135,0.029249697615378906,0,0,0.8903199893648261,1.0179327751735865,0.0749367200954133,0.2774845410092549,-0.16967205881327363,0.6629701139323662,-0.44557191727759227,0.06940614789731042,0.6211538461538462,16.35528912319479,219.29082607964276,1,2,0.0035848282446400495,0.0023143305342462894,0.9994008987826593,0.009512083709286632,0.0601888576193897
0.042,0.006,514,x_position_limit,0.032475999615937515,0.056457385446716746,0,0,0.7994049324291592,1.8810383836789704,0.3822661402441263,0.4221771382734414,-0.2251699889800518,1.1098119175995607,-0.29632724609576994,0.10533716389520094,0.573076923076923,25.621702142657583,217.61346002810674,1,2,0.0037761537988676014,0.0025217144401016994,0.9996544698296825,0.008112065751672708,0.06352546864236643
0.046,0.0,520,max_steps,0.005649847963580014,0.013867445919360871,0,0,0.9396131543393993,0.6402916194545297,0.022876386056920293,0.17227838006781446,-0.1284790965006265,0.32729343947285927,-0.3782389812499838,0.0478569946308633,0.6538461538461539,10.828861041313282,215.44654811966393,1,2,0.003063891805375231,0.0020318017625141835,0.9987105763695895,0.011209455010140347,0.05576170605947041
0.046,0.002,520,max_steps,0.02504268815268286,0.04033295408854004,0,0,0.8503939953219298,1.1378275574277874,0.2805465893644924,0.31878485981048804,-0.22456611713982177,0.8418637111492073,-0.3292517509378957,0.06026676222809505,0.6115384615384616,13.998164791600104,218.2719003998972,1,2,0.003265976998381298,0.002278053112277377,0.9991335412145858,0.008796649228374682,0.06038820385789204
0.046,0.004,510,x_position_limit,0.03975927231437695,0.05315868644766629,0,0,0.7867016737969303,1.905490308705869,0.43732921189604923,0.42342726704176764,-0.24883383369057968,1.1296946007955797,-0.2576434708376756,0.023100101423361583,0.6423076923076922,5.206260480527073,220.17199155008436,1,2,0.00322837843182186,0.0019675086666635783,0.9985665229088383,0.009797860401848045,0.05330116265618294
0.046,0.006,495,x_position_limit,0.041464377812709965,0.05214119914294292,0,0,0.7887095458363873,1.9756268278301437,0.43586446360682307,0.4251250877036096,-0.24879796891673434,1.1287013217018589,-0.25184201905020726,0.10449002576870489,0.551923076923077,25.288592698354353,216.73060973090153,1,2,0.0035734801375199576,0.00253668430546021,0.9995237529378368,0.006839009922924704,0.06459908601970098
