preload_amp,ankle,knee,lift_height,steps,reason,left_clearance,right_clearance,left_air_steps,left_air_swing,left_air_return,left_air_streak,first_air_step,last_air_step,left_force_min,left_force_ratio,min_up_z,support_slip,max_root_ang_vel,final_x,final_y,final_x_velocity,final_y_velocity
0.15,-0.09,0.0,0.008,520,max_steps,0.011059681760780683,0.004439029650154289,58,0,58,54,458,520,81.74024888566684,0.25019520268571876,0.9962873256622474,0.17378907649648903,0.3622537773755096,0.005543364516990406,-0.019910502214689048,0.05024636495578995,0.3339143793843626
0.15,-0.06,0.0,0.008,520,max_steps,0.004292090014707706,0.003431347195326312,0,0,0,0,-1,-1,96.05696729336637,0.29384740954617666,0.9980026144092433,0.0287046041494899,0.23788314898637242,0.003088491645137628,-0.0020954511311429367,0.00026479060765918945,0.05016372437307044
0.15,0.045,0.0,0.008,520,max_steps,0.004292090014707706,0.0035021646183103217,0,0,0,0,-1,-1,79.32684262876313,0.25613087942787127,0.9984602364285445,0.0287046041494899,0.18500321669994288,-0.0074926243078705865,0.00022107926331481334,-0.010004189506119494,0.05443532083859347
0.15,0.06,0.0,0.008,520,max_steps,0.012948575041242708,0.004584372915882165,46,0,46,39,446,520,98.65089042050637,0.3030265193091798,0.9968099261679699,0.1682715225981927,0.33321263454534766,0.020835479186290775,-0.036114402049487286,-0.05814670969150695,0.3074541137230992
0.15,-0.09,-0.004,0.008,520,max_steps,0.012503994411417335,0.004530251897923984,61,0,61,57,455,520,80.13027683607396,0.24525205168645636,0.9960251267026441,0.17391876938622505,0.32222794816454814,0.003814659214566753,-0.029264459469354877,0.050323786896382984,0.2998262699716568
0.15,-0.06,-0.004,0.008,520,max_steps,0.004292090014707706,0.0034443422141038488,0,0,0,0,-1,-1,95.83474612631562,0.29318348273172445,0.9977981511262927,0.0287046041494899,0.24256641004801124,0.0034845505978546025,-0.0019967723714864336,0.00013815911183787187,0.05150780016316543
0.15,0.045,-0.004,0.008,520,max_steps,0.004292090014707706,0.0034662392228458766,0,0,0,0,-1,-1,76.2346770931573,0.2482634161114751,0.9986399120078547,0.0287046041494899,0.17322287828844385,-0.006918250725907383,-9.349745437087316e-05,-0.010901542628149609,0.051155280097604956
0.15,0.06,-0.004,0.008,520,max_steps,0.004439208611442147,0.004003331435772459,36,0,36,34,467,503,82.32400087607535,0.25165227931459017,0.9975760176474765,0.17374581257578411,0.2673504059741158,-0.03222278904082902,0.011473499075745491,-0.03403738440745422,0.1995758908791027
0.15,-0.09,0.0,0.01,520,max_steps,0.011188500339653996,0.004449031898648433,59,0,59,55,458,520,81.83231039866537,0.25048597823038765,0.996776648485294,0.17421695487223182,0.35886353768831164,0.005847140908645563,-0.020785376356724394,0.0481843217596007,0.3316816828576494
0.15,-0.06,0.0,0.01,520,max_steps,0.004292090014707706,0.003452471049820223,0,0,0,0,-1,-1,95.99436976683886,0.29367434781125634,0.9982748112837971,0.0287046041494899,0.24212014976107257,0.002623596524008612,-0.0020908645661883566,0.0017955232816758402,0.052175497292435286
0.15,0.045,0.0,0.01,520,max_steps,0.004292090014707706,0.003518365025130893,0,0,0,0,-1,-1,82.74180512426183,0.2726033422118143,0.9986680320822423,0.0287046041494899,0.18469560597169626,-0.007247949285003063,-1.7472719704004805e-05,-0.011796200669704411,0.056684940016950826
0.15,0.06,0.0,0.01,520,max_steps,0.007585923952783853,0.004251669940214864,43,0,43,41,465,513,78.03228395331834,0.23871714019109386,0.9976265344688884,0.17101285373730135,0.34046650650528276,-0.031825338245805475,0.0019903735564486096,-0.0660356648885068,0.33533055718839583
0.15,-0.09,-0.004,0.01,520,max_steps,0.012656558618989636,0.004540779877504439,59,0,59,54,457,520,80.16910707249468,0.2453855837471616,0.9965366562217374,0.17349380351669105,0.31780779775897,0.004477661545606424,-0.03044420905401754,0.04850586900199542,0.2969470605379593
0.15,-0.06,-0.004,0.01,520,max_steps,0.004292090014707706,0.003469025736001524,0,0,0,0,-1,-1,95.64595617535508,0.2926034767686542,0.998076320147282,0.0287046041494899,0.24691188462731925,0.0029404715676162557,-0.002017463456449767,0.0017157759368241798,0.05391845087994999
0.15,0.045,-0.004,0.01,520,max_steps,0.004292090014707706,0.0034758783377594193,0,0,0,0,-1,-1,81.08492010874053,0.2601781822152277,0.998830408540755,0.0287046041494899,0.17378756587082847,-0.006701671857221068,-0.0003635566741413639,-0.011532816043504202,0.052524611826202015
0.15,0.06,-0.004,0.01,520,max_steps,0.004551988492502337,0.004021218942901375,35,0,35,32,468,503,51.20605052070944,0.17805518616418767,0.9979887535409594,0.17584651248312136,0.2705067736736251,-0.030592969704942696,0.01522275611178509,-0.030236117037051074,0.19978327897459394
0.15,-0.09,0.0,0.012,520,max_steps,0.011434540394673808,0.004466128409834673,60,0,60,55,460,520,81.91418843077818,0.25073043987178584,0.9972298956233029,0.17425607212489067,0.35214748748222857,0.005717753225787098,-0.02243719672254929,0.04574942887801586,0.32667009641545486
0.15,-0.06,0.0,0.012,520,max_steps,0.004292090014707706,0.0034711164115583115,0,0,0,0,-1,-1,96.12988432094033,0.2940907762380227,0.9985254693533734,0.0287046041494899,0.24729480453807146,0.0022483285169332223,-0.002094143611776721,0.003152272183308214,0.054086934504198804
0.15,0.045,0.0,0.012,520,max_steps,0.004292090014707706,0.0035315621230646854,0,0,0,0,-1,-1,88.75511085203028,0.2789168852459046,0.9988492597890686,0.0287046041494899,0.1863475675122885,-0.007064287695522642,-0.00019082702306433497,-0.013014876465442153,0.058774471601400195
0.15,0.06,0.0,0.012,520,max_steps,0.008014185894078818,0.0042820894120404185,50,0,50,46,455,514,78.44946439595451,0.23956217690578777,0.998036006210827,0.1728251660689317,0.3462513759707861,-0.03435740526881854,0.0021131690961784435,-0.059868169924965534,0.3455044626368396
0.15,-0.09,-0.004,0.012,520,max_steps,0.012827713215779649,0.004553052857948353,61,0,61,58,454,520,80.16449284341759,0.24536003796511432,0.9970065798313689,0.17317939608273236,0.3130286419834201,0.004678568482652045,-0.031633513203836346,0.04639595140259407,0.2936892818910588
0.15,-0.06,-0.004,0.012,520,max_steps,0.004292090014707706,0.0034911243787847795,0,0,0,0,-1,-1,90.6705616159966,0.30642579311678536,0.9983437906792009,0.0287046041494899,0.2524477054223648,0.002541990590993377,-0.0020192460701337436,0.0032616788196100813,0.05613203011828215
0.15,0.045,-0.004,0.012,520,max_steps,0.004292090014707706,0.0034853034636925795,0,0,0,0,-1,-1,82.42197050730215,0.2634591196076447,0.998998905297281,0.0287046041494899,0.17492729137986165,-0.006508351071444914,-0.0006123061846408879,-0.01196930647463978,0.053732335041198905
0.15,0.06,-0.004,0.012,520,max_steps,0.005660001299756565,0.004107511317305551,46,0,46,42,454,508,79.84003174657727,0.2558524619320221,0.9983160448954594,0.1759982777266826,0.2901006001807242,-0.028062402280193466,0.015100702503603996,-0.04119640198267534,0.2509702767917436
0.16,-0.09,0.0,0.008,520,max_steps,0.04176553366082805,0.006896232870918895,69,0,69,60,447,520,70.7342641469298,0.21639842511604723,0.9811071257753532,0.17442943059765872,0.2877813124966968,-0.005781938733891868,-0.16471956700851917,0.016059244953801628,-0.14786528665766535
0.16,-0.06,0.0,0.008,520,max_steps,0.013582984461088535,0.004636404287998538,62,0,62,56,451,520,68.02333841869091,0.20812874578741758,0.9978647818163427,0.18448409690952597,0.2861915873081146,0.0019341305072437176,-0.04263764828992721,0.01829064513787779,0.2798140067258598
0.16,0.045,0.0,0.008,520,max_steps,0.01588134281963382,0.004789147880309916,60,0,60,58,448,520,50.818753934617654,0.16230987196136604,0.9972109769211754,0.17837607555731738,0.23213104154169564,-0.012222532976232381,-0.055635647677880325,-0.03990649938394108,0.23157154440445565
0.16,0.06,0.0,0.008,520,max_steps,0.04722425571078419,0.007419669579014819,60,0,60,59,449,520,55.09380051356555,0.16848562271654205,0.9747357207878319,0.1663081033574409,0.3521139990606483,-0.011860144079356335,-0.19073941139499334,-0.034009943507718125,-0.22695775599339174
0.16,-0.09,-0.004,0.008,520,max_steps,0.04318391618949961,0.007033930170115582,67,0,67,65,444,520,68.0888184079621,0.20827690522881945,0.9796615074743604,0.17380794319370826,0.29752751745516265,-0.006774123483648336,-0.17032066121800263,0.016929814033142122,-0.16790040529723557
0.16,-0.06,-0.004,0.008,520,max_steps,0.013837290445588096,0.004650865507054243,62,0,62,57,449,520,68.54382493083583,0.2097095580898483,0.9976737647585951,0.18391778586289978,0.27931538721478,0.0020141060182871195,-0.044237727629449,0.019739400245387867,0.2740741977259634
0.16,0.045,-0.004,0.008,520,max_steps,0.013704654555023371,0.004657028808563536,56,0,56,56,465,520,48.73473810113718,0.15731983558584134,0.997833082908687,0.17946040063727128,0.2858025318995375,-0.012790300233462306,-0.04284355360381697,-0.04086940753373724,0.2761013854770902
0.16,0.06,-0.004,0.008,520,max_steps,0.03898172669566438,0.006625374996461916,65,0,65,63,449,520,51.9487923126681,0.15887242848775437,0.9832329266985649,0.17164757902572902,0.2770267363870031,-0.014937599022236325,-0.15594537077917411,-0.019234199027014467,-0.11053283057241123
0.16,-0.09,0.0,0.01,520,max_steps,0.044137443179622926,0.00712635089271231,69,0,69,65,447,520,57.48565152591906,0.19610566641254162,0.9786593435008173,0.1734461088377353,0.3012007356985122,-0.006312929491713872,-0.17423174948170966,0.010915746357283498,-0.1805679569812174
0.16,-0.06,0.0,0.01,520,max_steps,0.015007612011236529,0.004722425936040407,62,0,62,62,459,520,52.52981907575101,0.1762951961674945,0.9974802815963106,0.18349892411097546,0.24990149050999722,0.0009855034113872294,-0.05132089777680803,0.0159195946903031,0.25019034792671146
0.16,0.045,0.0,0.01,520,max_steps,0.016583573407704374,0.004830150993759469,58,0,58,56,452,520,62.518989526282816,0.19423599022159535,0.9969983800460019,0.17823394270067322,0.21547920804298437,-0.011501127302728382,-0.05969843539248301,-0.037813155062380636,0.2181463407393343
0.16,0.06,0.0,0.01,520,max_steps,0.05202753608630119,0.007866785012713082,67,0,67,64,447,520,31.903562423226475,0.10621370354617493,0.9686627082478606,0.16656717807949328,0.4317004710257648,-0.009001244039619018,-0.20826325066549148,0.0014411162339339786,-0.2918424419016442
0.16,-0.09,-0.004,0.01,520,max_steps,0.04550085275695341,0.007256618482100269,67,0,67,64,452,520,69.36512699622102,0.2121856304168111,0.9771779248404883,0.1725915975206836,0.3123260229901596,-0.00709355849771345,-0.17963781487132888,0.011415291490563443,-0.19982063240052525
0.16,-0.06,-0.004,0.01,520,max_steps,0.015392603415774989,0.004744943207312169,61,0,61,57,447,520,51.90236433103755,0.17453817991733309,0.9973685259941499,0.18398247939188514,0.2406036145318069,0.0009997907413767776,-0.053531156390735024,0.017090029880695877,0.2423712644979037
0.16,0.045,-0.004,0.01,520,max_steps,0.014185323447452977,0.004685019023878884,59,0,59,56,458,520,58.54047388351562,0.1840401899242433,0.9977050111530004,0.1792272732904706,0.2731737295972199,-0.012231690770207427,-0.04596023012539067,-0.03889358705432398,0.26604011143405276
0.16,0.06,-0.004,0.01,520,max_steps,0.04681228008283504,0.007384618449910521,64,0,64,62,452,520,40.80157212015757,0.13005212253220885,0.9752494525228271,0.16830723621745,0.33584408347902656,-0.008500958768233622,-0.18596421696467047,-0.0020160885844302434,-0.21835168903553379
0.16,-0.09,0.0,0.012,520,max_steps,0.04709283027346525,0.007407773999467418,70,0,70,65,441,520,70.22707195496058,0.23636327442685703,0.97537467125307,0.1722762200857192,0.33901865007885224,-0.007079059894667703,-0.1861928676965585,0.005188970007804732,-0.22148486741011053
0.16,-0.06,0.0,0.012,520,max_steps,0.016497161869653672,0.004811553468751617,61,0,61,60,454,520,68.9599180650724,0.2111875848818929,0.9970325782811298,0.1834741685973495,0.2412797832766152,0.00016589812620754885,-0.05983415220082067,0.013526618817234512,0.22108418808736605
0.16,0.045,0.0,0.012,520,max_steps,0.017081147371736827,0.004859291191067358,58,0,58,56,455,520,57.43176104450656,0.17927270416075808,0.9968416864866176,0.17789378835445369,0.20375355225036895,-0.010977075613782684,-0.06261506039330914,-0.036075134505278064,0.20877109169633057
0.16,0.06,0.0,0.012,520,max_steps,0.06082943580972122,0.008635738696490182,66,0,66,65,450,520,40.18527177048999,0.12789649749427,0.9559540317652744,0.16295832934356588,0.5932740615997797,-0.0019110194653484086,-0.24340513171227085,0.023929439791671378,-0.4136415093658659
0.16,-0.09,-0.004,0.012,520,max_steps,0.04815844457275305,0.007507621995665716,71,0,71,67,445,520,59.9754330093716,0.2026384609735526,0.9741260346945642,0.17209692425062936,0.35854557822818084,-0.007785499302677434,-0.1904240905859107,0.005854088666271358,-0.23664201120111167
0.16,-0.06,-0.004,0.012,520,max_steps,0.017172041073848843,0.004851551782707755,65,0,65,62,455,520,69.19845106761093,0.211526413577685,0.9968184903208805,0.18319484568072225,0.24233476196413042,5.853160523635093e-05,-0.06353750483552349,0.014270913087044397,0.20819577821685356
0.16,0.045,-0.004,0.012,520,max_steps,0.014793770995302366,0.004720949292380705,57,0,57,55,453,520,61.037800661123185,0.18991866512109423,0.9975377680904889,0.17906553130228667,0.25774657655663785,-0.01163724060320774,-0.049750960204674004,-0.03704002368444242,0.25360953996822244
0.16,0.06,-0.004,0.012,520,max_steps,0.05218729476930754,0.007881458272809415,65,0,65,65,456,520,48.880431232800014,0.1509270247430765,0.968695256745944,0.16615128390519227,0.43219506885981457,-0.004576402577486429,-0.207251441600835,0.006789118355211609,-0.29302683198352225
0.17,-0.09,0.0,0.008,462,y_position_limit,0.024504890465574428,0.009131607584099102,37,3,34,28,400,462,0.0,0.0,0.9595321983546266,0.14177180056611952,0.9891577237864531,-0.040291108281300815,-0.304694458131245,-0.06777873006095232,-0.6192890702905764
0.17,-0.06,0.0,0.008,484,y_position_limit,0.04451484137126448,0.009347533797351787,48,1,47,43,420,484,0.0,0.0,0.9506874702465974,0.13852837117294112,0.988971719888744,-0.018368390258312748,-0.30257384625547756,-0.033425950764370944,-0.5974599681354955
0.17,0.045,0.0,0.008,480,y_position_limit,0.04042603547678089,0.009309905491785064,39,0,39,35,437,480,2.872798008942305,0.010040883779640741,0.9527942182431326,0.12512183601988439,0.9961147472802538,0.013928431376356491,-0.3028997944257939,0.02339549707621852,-0.6016590307563897
0.17,0.06,0.0,0.008,468,y_position_limit,0.02887509031335289,0.009166134804432235,33,1,32,31,414,468,0.0,0.0,0.9585987072795003,0.13467975297520807,0.9905446876411944,0.02858550019323849,-0.30062604014994165,0.048526122327762475,-0.6107672159021655
0.17,-0.09,-0.004,0.008,458,y_position_limit,0.02196492491666447,0.00910377264625932,35,6,29,27,310,458,0.0,0.0,0.9603579937072423,0.13449309565850318,0.977829297586972,-0.04211173905581565,-0.30615170461560265,-0.07783779444600687,-0.6240487418259502
0.17,-0.06,-0.004,0.008,483,y_position_limit,0.043155587897055855,0.009303259642600231,47,0,47,39,432,483,1.0601975861625603,0.003744812600960464,0.9519551358060906,0.13940121793563906,0.9833918902799722,-0.019474603820764234,-0.30079359552272383,-0.033164016969015005,-0.5924420014123173
0.17,0.045,-0.004,0.008,482,y_position_limit,0.04195946035900468,0.009281256432794031,39,0,39,39,444,482,3.0841473973858204,0.010754314111167779,0.9528821931220511,0.12947380142769535,0.9805544558545402,0.01211630907990432,-0.30017857007773474,0.019677659595870253,-0.5913754683090696
0.17,0.06,-0.004,0.008,468,y_position_limit,0.02910382580680751,0.00918490156831972,36,2,34,33,419,468,0.0,0.0,0.9581430293294927,0.12956697864671776,0.9961941266569861,0.026099664308461938,-0.30202582521343724,0.05272257018788652,-0.6136249297653671
0.17,-0.09,0.0,0.01,462,y_position_limit,0.024057944905672847,0.009069044010865362,38,6,32,26,418,462,0.0,0.0,0.9608208217863677,0.13728429400337996,0.973644369103933,-0.03764193926006292,-0.3015535341502595,-0.06414870210068184,-0.6100878945640142
0.17,-0.06,0.0,0.01,483,y_position_limit,0.0431804078116961,0.009302134886700078,47,2,45,39,409,483,0.0,0.0,0.9519959509757637,0.13814951717657376,0.9826374222801563,-0.017271602201684562,-0.3006836139585279,-0.03437399394801174,-0.5921844288145343
0.17,0.045,0.0,0.01,480,y_position_limit,0.04004248883452485,0.009267520885041673,37,0,37,36,440,480,4.817925016786527,0.0162696224456647,0.9537074040582408,0.12643730238620263,0.9859887844153152,0.012842934076808246,-0.3007335988254965,0.02330827705067728,-0.5944574469044445
0.17,0.06,0.0,0.01,465,y_position_limit,0.026723001662508197,0.009162390463989076,29,1,28,28,397,465,0.0,0.0,0.9590455960327375,0.1335457820075795,0.9922043923899558,0.02968467916532071,-0.3018162211558309,0.06301531044925865,-0.6180327963026705
0.17,-0.09,-0.004,0.01,459,y_position_limit,0.022432107599166674,0.009094871635518753,35,6,29,28,413,459,0.0,0.0,0.9605512732785803,0.1390349938980938,0.9778670701543797,-0.03989557904167974,-0.304977984367843,-0.0731322571503879,-0.6210839890023991
0.17,-0.06,-0.004,0.01,483,y_position_limit,0.043862291524677674,0.009373082412964522,45,0,45,40,436,483,0.0,0.0,0.95038911449288,0.138466894890511,1.00022070502651,-0.018567629845291627,-0.30451275479334133,-0.03618866532334062,-0.6045897503124834
0.17,0.045,-0.004,0.01,482,y_position_limit,0.042146617332388,0.009298422588314925,39,1,38,35,416,482,0.0,0.0,0.9524805001689327,0.12965757030956374,0.9849250117660617,0.011406844018738272,-0.30122446202891034,0.020506636005962524,-0.5945139489179934
0.17,0.06,-0.004,0.01,467,y_position_limit,0.028492337870151173,0.009197265687993839,31,1,30,29,412,467,0.0,0.0,0.9580011213473986,0.1286610674379155,1.0010241585813089,0.025673592347554428,-0.30320015323068483,0.05896007569828242,-0.6183769590228085
0.17,-0.09,0.0,0.012,463,y_position_limit,0.024935800747983954,0.009099173142373865,36,2,34,28,424,463,0.0,0.0,0.9601952654941363,0.14471215089266157,0.9818115666727603,-0.035443274953083456,-0.3022829876462095,-0.06169848522637107,-0.6130230195120998
0.17,-0.06,0.0,0.012,483,y_position_limit,0.044118755852705305,0.00939589957862496,42,0,42,39,440,483,0.0,0.0,0.9498681061455764,0.1357351250707185,1.0056339856665313,-0.016831152669235537,-0.3057077043769747,-0.03710424056060093,-0.6086417076428509
0.17,0.045,0.0,0.012,480,y_position_limit,0.04036983298245456,0.009300487876648021,42,2,40,34,403,480,0.0,0.0,0.9529641174696717,0.12586392848879308,0.9942037362817444,0.012120590296855348,-0.3026567512694737,0.024151648403400616,-0.6003708517931776
0.17,0.06,0.0,0.012,464,y_position_limit,0.02625772211514022,0.00918912712733947,30,0,30,28,431,464,10.084708155876795,0.03166408043232311,0.9585912438553059,0.13171215206619039,1.0007011051147499,0.029234315963823417,-0.3038324336709364,0.0697254311021499,-0.6248985510245721
0.17,-0.09,-0.004,0.012,459,y_position_limit,0.02227556796623864,0.0090686344379938,34,5,29,28,411,459,0.0,0.0,0.9611154706520559,0.14171430412712865,0.9710103067152837,-0.037638213657716864,-0.303695723791613,-0.07083382692298544,-0.6177205211683923
0.17,-0.06,-0.004,0.012,482,y_position_limit,0.04281723945042244,0.009357871820399932,43,0,43,40,433,482,3.651952872450301,0.012577140125284821,0.9510197892884171,0.13312108149259338,1.0011527561612792,-0.017772561185550123,-0.30426997736510863,-0.03762309477582769,-0.6046243767984434
0.17,0.045,-0.004,0.012,482,y_position_limit,0.04235028356270508,0.009317197298453254,41,0,41,38,438,482,2.808927528070285,0.009625670028181516,0.9520402025527346,0.12992302379626833,0.9896934849005957,0.010721619352152227,-0.30235669304570906,0.02113925107625408,-0.597955226158586
0.17,0.06,-0.004,0.012,466,y_position_limit,0.027164337875306276,0.00911773472747262,31,0,31,27,430,466,6.946392477209557,0.02312530687168839,0.9597160230105856,0.12789666632635466,0.983029645980834,0.023916259760595804,-0.30011731921432366,0.05908047319131759,-0.6082639679193953
