preload_amp,ankle_bias,lift_hold_end,steps,reason,right_clearance,left_clearance,right_air_steps,right_air_streak,first_air_step,last_air_step,right_force_min,right_force_ratio,min_up_z,max_root_ang_vel,support_slip,initial_gap,max_gap,gap_at_landing_end,gap_at_end,gap_end_delta,final_x,final_y,final_x_velocity,final_y_velocity
0.036,-0.08,0.64,520,max_steps,0.03219908523381007,0.00387832960546787,35,33,285,322,0.0,0.0,0.9937777936540703,0.3424224384599053,0.030538373573635456,0.23701291,0.374058442611488,0.374058442611488,0.374058442611488,0.13704553261148802,0.07853103528185061,-0.013642205790755748,0.03942431991444745,-0.047196007005968266
0.036,-0.08,0.66,520,max_steps,0.03219908523381007,0.00387832960546787,35,33,285,322,0.0,0.0,0.9936784916798356,0.3424224384599053,0.03419413750659503,0.23701291,0.3742463447162082,0.3742463447162082,0.3742463447162082,0.13723343471620822,0.07928997615375787,-0.013982052332522013,0.042809599567924274,-0.04719879478083882
0.036,-0.08,0.68,520,max_steps,0.03219908523381007,0.00387832960546787,35,33,285,322,0.0,0.0,0.993605785986113,0.3424224384599053,0.036209512803298136,0.23701291,0.37430900613338874,0.37430900613338874,0.37430900613338874,0.13729609613338875,0.07994813642935439,-0.014135933669154235,0.04748325899878518,-0.04522484644911864
0.036,-0.075,0.64,520,max_steps,0.03176738990461353,0.0038373286837326687,34,31,286,321,0.0,0.0,0.9934135236810148,0.33403895571993875,0.033090692181433956,0.23701291,0.37127534169532034,0.37122008653091537,0.37122008653091537,0.13420717653091538,0.08157369865547723,-0.016457686026937684,0.04154663294510724,-0.054694963381285266
0.036,-0.075,0.66,520,max_steps,0.03176738990461353,0.0038373286837326687,34,31,286,321,0.0,0.0,0.9932976212340555,0.33403895571993875,0.035161995586521035,0.23701291,0.3713128591130288,0.37124776581957963,0.37124776581957963,0.13423485581957964,0.08248709941589466,-0.016584796734192907,0.045753300587566964,-0.0535428389486832
0.036,-0.075,0.68,520,max_steps,0.03176738990461353,0.0038373286837326687,34,31,286,321,0.0,0.0,0.9931567230496384,0.33403895571993875,0.039245230521546264,0.23701291,0.37135237824180045,0.3712721266755477,0.3712721266755477,0.13425921667554772,0.0835311043674832,-0.01673273546102184,0.05105752261423174,-0.05211999312436998
0.036,-0.07,0.64,520,max_steps,0.031096832696719354,0.0037908732105318144,30,27,288,320,0.0,0.0,0.9934703041355085,0.32093343978101535,0.03342269689676072,0.23701291,0.3689231746402154,0.36875795555337265,0.36875795555337265,0.13174504555337266,0.08210638314860429,-0.013989966042188684,0.04389926134151288,-0.05228560879603418
0.036,-0.07,0.66,520,max_steps,0.031096832696719354,0.0037908732105318144,30,27,288,320,0.0,0.0,0.9933733027664876,0.32093343978101535,0.03346404931206723,0.23701291,0.3691488307106905,0.3690459081121232,0.3690459081121232,0.13203299811212318,0.08270717474431283,-0.014329766063221179,0.04691869117019948,-0.05329005077549199
0.036,-0.07,0.68,520,max_steps,0.031096832696719354,0.0037908732105318144,30,27,288,320,0.0,0.0,0.9932827790678119,0.32093343978101535,0.037658625434575786,0.23701291,0.3693810920660284,0.3692940310479692,0.3692940310479692,0.1322811210479692,0.08332365146086348,-0.014656328867807772,0.050962801742247425,-0.05342745919637675
0.038,-0.08,0.64,520,max_steps,0.033736207456039335,0.003948844228675266,37,36,286,325,0.0,0.0,0.9944755002489833,0.33662334448103054,0.027057649626433884,0.23701291,0.38906861808410204,0.38906861808410204,0.38906861808410204,0.15205570808410204,0.06752018527221842,-0.014275905308513966,0.028229864134621346,-0.03646347440227734
0.038,-0.08,0.66,520,max_steps,0.033736207456039335,0.003948844206624558,37,36,286,325,0.0,0.0,0.9943958436295506,0.33662334448103054,0.029029808123736817,0.23701291,0.3891455431486027,0.3891455431486027,0.3891455431486027,0.15213263314860273,0.06836639057374767,-0.014393218974898273,0.03178771321293096,-0.03446208408268306
0.038,-0.08,0.68,520,max_steps,0.033736207456039335,0.003948844206624558,37,36,286,325,0.0,0.0,0.99433621467215,0.33662334448103054,0.029207994191678254,0.23701291,0.38922501019521716,0.38922501019521716,0.38922501019521716,0.15221210019521716,0.06907884233719995,-0.014560267167411017,0.03568093761177112,-0.032182914907965814
0.038,-0.075,0.64,520,max_steps,0.033128731503154776,0.003935949180451592,36,34,286,324,0.0,0.0,0.9942277939352563,0.3347853283091722,0.026404168747950367,0.23701291,0.3864139268364393,0.3864139268364393,0.3864139268364393,0.14940101683643933,0.06997860082980818,-0.01619905736505314,0.03004854990370071,-0.03959998115902208
0.038,-0.075,0.66,520,max_steps,0.033128731503154776,0.003935949153378512,36,34,286,324,0.0,0.0,0.9941322309277382,0.3347853283091722,0.028337708398346803,0.23701291,0.38647413993107593,0.38647413993107593,0.38647413993107593,0.14946122993107594,0.07097372634155723,-0.016342286190400825,0.03350556192893648,-0.03758084679454543
0.038,-0.075,0.68,520,max_steps,0.033128731503154776,0.003935949153378512,36,34,286,324,0.0,0.0,0.994038634713809,0.3347853283091722,0.0294212854605347,0.23701291,0.38656423155129055,0.38656423155129055,0.38656423155129055,0.14955132155129056,0.0719151333886507,-0.01648219379298885,0.03747861268721364,-0.03512423781097516
0.038,-0.07,0.64,520,max_steps,0.032522709420868226,0.003824088874098436,32,31,289,324,0.0,0.0,0.9944396362478439,0.3168366155653065,0.02666456685697501,0.23701291,0.3850721215475306,0.3850721215475306,0.3850721215475306,0.14805921154753063,0.06911265926570015,-0.013781167839005775,0.02934711455311741,-0.0404242702862547
0.038,-0.07,0.66,520,max_steps,0.032522709420868226,0.003824088874098436,32,31,289,324,0.0,0.0,0.9943449022596024,0.3168366155653065,0.02886748107333438,0.23701291,0.3851935410160767,0.3851935410160767,0.3851935410160767,0.14818063101607673,0.07002304962080735,-0.013809370128750335,0.03307299335004255,-0.03845339937495555
0.038,-0.07,0.68,520,max_steps,0.032522709420868226,0.003824088874098436,32,31,289,324,0.0,0.0,0.9942820947791489,0.3168366155653065,0.030746437345012992,0.23701291,0.38531855100149737,0.38531855100149737,0.38531855100149737,0.14830564100149737,0.07068009265171746,-0.013857124233550943,0.037087225912136396,-0.03613846762947987
0.04,-0.08,0.64,520,max_steps,0.03530751761172471,0.00412662523300629,40,39,284,328,0.0,0.0,0.9945663493641407,0.33715762821209744,0.026389694552492467,0.23701291,0.4025698914897674,0.4025698914897674,0.4025698914897674,0.1655569814897674,0.059812922336352596,-0.016460135702911275,0.021674808668263705,-0.030490879648164913
0.04,-0.08,0.66,520,max_steps,0.03530751761172471,0.0041266060738359076,40,39,284,328,0.0,0.0,0.9944717168639352,0.33715762821209744,0.026389694552492467,0.23701291,0.4026605247274524,0.4026605247274524,0.4026605247274524,0.1656476147274524,0.06094851956850435,-0.016609213664931063,0.025133659184908036,-0.028454769113568704
0.04,-0.08,0.68,520,max_steps,0.03530751761172471,0.0041266060738359076,40,39,284,328,0.0,0.0,0.9944186763542093,0.33715762821209744,0.026389694552492467,0.23701291,0.4027479653844014,0.4027479653844014,0.4027479653844014,0.1657350553844014,0.06173980420057217,-0.01680059254429092,0.02859691364915022,-0.02597011034474963
0.04,-0.075,0.64,520,max_steps,0.03467955826241555,0.004076801732221878,38,38,291,328,0.0,0.0,0.994594412485603,0.3290814692604218,0.025653791443423748,0.23701291,0.40092124653997296,0.40092124653997296,0.40092124653997296,0.16390833653997297,0.06026394627227501,-0.016105016287516108,0.021907372869304213,-0.03188717500348965
0.04,-0.075,0.66,520,max_steps,0.03467955826241555,0.004076777119079597,38,38,291,328,0.0,0.0,0.9945218608988549,0.3290814692604218,0.025653791443423748,0.23701291,0.4010285007701979,0.4010285007701979,0.4010285007701979,0.16401559077019792,0.06122087289597635,-0.01623829592075184,0.02499283741504343,-0.029734212163838
0.04,-0.075,0.68,520,max_steps,0.03467955826241555,0.004076777119079597,38,38,291,328,0.0,0.0,0.9944533154593226,0.3290814692604218,0.025653791443423748,0.23701291,0.40112231290526534,0.40112231290526534,0.40112231290526534,0.16410940290526535,0.06212780459434485,-0.016391440560545565,0.02859901018678159,-0.02729059155617161
0.04,-0.07,0.64,520,max_steps,0.03393192701442073,0.004079360942998531,36,35,287,327,0.0,0.0,0.9946391690184887,0.31787045296233235,0.024652969339642915,0.23701291,0.39887686194544647,0.39887686194544647,0.39887686194544647,0.16186395194544648,0.06068487864392536,-0.015803857907544645,0.022014761603552806,-0.03344353460873351
0.04,-0.07,0.66,520,max_steps,0.03393192701442073,0.004079332798567023,36,35,287,327,0.0,0.0,0.9945478956623959,0.31787045296233235,0.024652969339642915,0.23701291,0.398971207365111,0.398971207365111,0.398971207365111,0.161958297365111,0.06179705240000323,-0.01590289663324026,0.025244674765042985,-0.03140298980082154
0.04,-0.07,0.68,520,max_steps,0.03393192701442073,0.004079332798567023,36,35,287,327,0.0,0.0,0.9944653159093664,0.31787045296233235,0.02535185496773086,0.23701291,0.39906990392581687,0.39906990392581687,0.39906990392581687,0.16205699392581688,0.06279985162181213,-0.01603265385502421,0.029058601909117347,-0.029053891149195685
