score,filename,local_path,frames,fps,duration_sec,root_body,dx,dy,displacement_xy,path_len_xy,straightness,speed_mps,joint_std,joint_range,rank_input
0.9996209086849783,g1/ACCAD/Female1Walking_c3d/B3-walk1_poses_120_jpos.npz,C:\Projects\unitree-g1-rl-il-walking\datasets\raw\amass_candidates\g1\ACCAD\Female1Walking_c3d\B3-walk1_poses_120_jpos.npz,229,30.0,7.633333333333334,pelvis,-4.79286003112793,-4.752796173095703,6.749857683016493,6.760108476664922,0.9984836347399136,0.8842608318362217,0.09531769237893194,0.3426376786725274,1
0.8987447900581411,g1/ACCAD/s007/QkWalk1_poses_120_jpos.npz,C:\Projects\unitree-g1-rl-il-walking\datasets\raw\amass_candidates\g1\ACCAD\s007\QkWalk1_poses_120_jpos.npz,77,30.0,2.566666666666667,pelvis,3.698359489440918,2.938077449798584,4.723363421774005,4.734079889418059,0.9977363145755086,1.840271463028833,0.1784822689024152,0.6517340397012645,2
0.3223511843623275,g1/BioMotionLab_NTroje/rub025/0004_normal_walk1_poses_120_jpos.npz,C:\Projects\unitree-g1-rl-il-walking\datasets\raw\amass_candidates\g1\BioMotionLab_NTroje\rub025\0004_normal_walk1_poses_120_jpos.npz,153,30.0,5.1,pelvis,-0.03110269084572792,0.0018115616403520107,0.03115540295713927,0.5210911484486596,0.05978877793240591,0.006108902540615543,0.10808768395587555,0.3950249902133284,74
0.32233698539487565,g1/BioMotionLab_NTroje/rub023/0006_normal_walk2_poses_120_jpos.npz,C:\Projects\unitree-g1-rl-il-walking\datasets\raw\amass_candidates\g1\BioMotionLab_NTroje\rub023\0006_normal_walk2_poses_120_jpos.npz,159,30.0,5.3,pelvis,0.025259017944335938,0.014642029069364071,0.029196010048984217,0.4700465232729226,0.062113022016827404,0.0055086811413177774,0.08569087227615428,0.3161416218198579,68
0.31948425098671857,g1/BioMotionLab_NTroje/rub015/0007_normal_walk3_poses_120_jpos.npz,C:\Projects\unitree-g1-rl-il-walking\datasets\raw\amass_candidates\g1\BioMotionLab_NTroje\rub015\0007_normal_walk3_poses_120_jpos.npz,145,30.0,4.833333333333333,pelvis,0.017544668167829514,0.026505107060074806,0.03178578426569459,0.43208806480288864,0.07356320818580057,0.00657636915841957,0.09443086331864727,0.3268139937828327,42
0.3188150760500912,g1/BioMotionLab_NTroje/rub007/0005_normal_walk1_poses_120_jpos.npz,C:\Projects\unitree-g1-rl-il-walking\datasets\raw\amass_candidates\g1\BioMotionLab_NTroje\rub007\0005_normal_walk1_poses_120_jpos.npz,185,30.0,6.166666666666667,pelvis,-0.02869785763323307,0.009666786529123783,0.030282235626468576,0.6187711710765403,0.0489393123693585,0.004910632804292201,0.09343309764056097,0.3332558746995597,15
0.31742710668998053,g1/BioMotionLab_NTroje/rub015/0005_normal_walk1_poses_120_jpos.npz,C:\Projects\unitree-g1-rl-il-walking\datasets\raw\amass_candidates\g1\BioMotionLab_NTroje\rub015\0005_normal_walk1_poses_120_jpos.npz,159,30.0,5.3,pelvis,-0.02027294784784317,0.009339828044176102,0.022320949852910547,0.4565846637708747,0.048886770897131455,0.004211499972247274,0.09377106738127287,0.3257364897892393,40
0.3146030405850154,g1/BioMotionLab_NTroje/rub023/0005_normal_walk1_poses_120_jpos.npz,C:\Projects\unitree-g1-rl-il-walking\datasets\raw\amass_candidates\g1\BioMotionLab_NTroje\rub023\0005_normal_walk1_poses_120_jpos.npz,162,30.0,5.4,pelvis,-0.018564321100711823,-0.0004653549112845212,0.018570152749069965,0.4502391373174779,0.04124508779869921,0.003438917175753697,0.08959315585061248,0.34229276920187063,67
0.3080372608997273,g1/BioMotionLab_NTroje/rub024/0005_normal_walk1_poses_120_jpos.npz,C:\Projects\unitree-g1-rl-il-walking\datasets\raw\amass_candidates\g1\BioMotionLab_NTroje\rub024\0005_normal_walk1_poses_120_jpos.npz,140,30.0,4.666666666666667,pelvis,-0.027719292789697647,-0.003835315816104412,0.027983367205721414,0.4853259441330731,0.057658914681982386,0.005996435829797446,0.08194419088969536,0.2863526097659407,71
0.3074823907715236,g1/BioMotionLab_NTroje/rub020/0006_normal_walk2_poses_120_jpos.npz,C:\Projects\unitree-g1-rl-il-walking\datasets\raw\amass_candidates\g1\BioMotionLab_NTroje\rub020\0006_normal_walk2_poses_120_jpos.npz,129,30.0,4.3,pelvis,0.04712062329053879,0.012514419853687286,0.04875411617046533,0.5339055892750779,0.09131598760122048,0.011338166551271006,0.11317683837616795,0.3848012398029196,56
0.304921814915491,g1/BioMotionLab_NTroje/rub023/0008_normal_walk4_poses_120_jpos.npz,C:\Projects\unitree-g1-rl-il-walking\datasets\raw\amass_candidates\g1\BioMotionLab_NTroje\rub023\0008_normal_walk4_poses_120_jpos.npz,142,30.0,4.733333333333333,pelvis,0.018466807901859283,-0.0036708449479192495,0.018828119840170892,0.4301625767635009,0.04376977649202247,0.003977771797219203,0.08589643987745935,0.3047228270563586,70
0.30362947980273736,g1/BioMotionLab_NTroje/rub022/0006_normal_walk2_poses_120_jpos.npz,C:\Projects\unitree-g1-rl-il-walking\datasets\raw\amass_candidates\g1\BioMotionLab_NTroje\rub022\0006_normal_walk2_poses_120_jpos.npz,138,30.0,4.6,pelvis,0.021022705361247063,-0.007605342660099268,0.022356103812680148,0.39834167129625236,0.05612293521772568,0.004860022567973945,0.08694801509103801,0.30762728329362543,64
0.3029413166957722,g1/BioMotionLab_NTroje/rub022/0007_normal_walk3_poses_120_jpos.npz,C:\Projects\unitree-g1-rl-il-walking\datasets\raw\amass_candidates\g1\BioMotionLab_NTroje\rub022\0007_normal_walk3_poses_120_jpos.npz,134,30.0,4.466666666666667,pelvis,0.028209203854203224,-0.009188518859446049,0.029667963545184386,0.44335477386540123,0.06691698227702253,0.006642081390712922,0.09918212661227133,0.34696791911947317,65
0.3020817719173554,g1/BioMotionLab_NTroje/rub023/0007_normal_walk3_poses_120_jpos.npz,C:\Projects\unitree-g1-rl-il-walking\datasets\raw\amass_candidates\g1\BioMotionLab_NTroje\rub023\0007_normal_walk3_poses_120_jpos.npz,149,30.0,4.966666666666667,pelvis,-0.002275146311149001,0.0036759567447006702,0.004323071677181082,0.45523529747542224,0.009496345518801694,0.0008704171162109562,0.08917498352254477,0.3245256933672675,69
0.29931779668462166,g1/BioMotionLab_NTroje/rub025/0006_normal_walk3_poses_120_jpos.npz,C:\Projects\unitree-g1-rl-il-walking\datasets\raw\amass_candidates\g1\BioMotionLab_NTroje\rub025\0006_normal_walk3_poses_120_jpos.npz,140,30.0,4.666666666666667,pelvis,0.015254554338753223,0.0065657044760882854,0.016607525503256063,0.487139997422657,0.034091894714296855,0.0035587554649834418,0.10730689537963452,0.3868066442423853,76
0.29790357837019854,g1/BioMotionLab_NTroje/rub025/0005_normal_walk2_poses_120_jpos.npz,C:\Projects\unitree-g1-rl-il-walking\datasets\raw\amass_candidates\g1\BioMotionLab_NTroje\rub025\0005_normal_walk2_poses_120_jpos.npz,147,30.0,4.9,pelvis,0.0019517993787303567,-0.0014564513694494963,0.0024353175165434835,0.4636445841597818,0.005252552493321525,0.0004970035748047925,0.10444752375067258,0.37372081855247763,75
0.2952253324267483,g1/BioMotionLab_NTroje/rub021/0007_normal_walk3_poses_120_jpos.npz,C:\Projects\unitree-g1-rl-il-walking\datasets\raw\amass_candidates\g1\BioMotionLab_NTroje\rub021\0007_normal_walk3_poses_120_jpos.npz,134,30.0,4.466666666666667,pelvis,-0.003962230868637562,-0.016875209286808968,0.017334127088780328,0.35666617949987456,0.04860042270642716,0.00388077472136873,0.11024849505807285,0.38400884332328006,61
0.2944947962346136,g1/BioMotionLab_NTroje/rub025/0007_normal_walk4_poses_120_jpos.npz,C:\Projects\unitree-g1-rl-il-walking\datasets\raw\amass_candidates\g1\BioMotionLab_NTroje\rub025\0007_normal_walk4_poses_120_jpos.npz,142,30.0,4.733333333333333,pelvis,-0.006531457882374525,0.0018200301565229893,0.006780298801666886,0.48592413655460764,0.013953410196377277,0.0014324574933099056,0.10783567824595125,0.387433306924228,77
0.2937550648210999,g1/BioMotionLab_NTroje/rub006/0005_normal_walk1_poses_120_jpos.npz,C:\Projects\unitree-g1-rl-il-walking\datasets\raw\amass_candidates\g1\BioMotionLab_NTroje\rub006\0005_normal_walk1_poses_120_jpos.npz,114,30.0,3.8,pelvis,0.0488947257399559,0.006612834986299276,0.049339880337730145,0.4398470430622693,0.11217508703530168,0.012984179036244776,0.12540945183710842,0.42163387660322516,13
0.29220964103874025,g1/BioMotionLab_NTroje/rub009/0005_normal_walk1_poses_120_jpos.npz,C:\Projects\unitree-g1-rl-il-walking\datasets\raw\amass_candidates\g1\BioMotionLab_NTroje\rub009\0005_normal_walk1_poses_120_jpos.npz,113,30.0,3.7666666666666666,pelvis,-0.03434059023857117,0.020578574389219284,0.040034408473537876,0.32964582816433197,0.12144673177414002,0.01062860401952333,0.0946572279023038,0.3259941791665965,20
0.29214160698389974,g1/BioMotionLab_NTroje/rub012/0006_normal_walk3_poses_120_jpos.npz,C:\Projects\unitree-g1-rl-il-walking\datasets\raw\amass_candidates\g1\BioMotionLab_NTroje\rub012\0006_normal_walk3_poses_120_jpos.npz,137,30.0,4.566666666666666,pelvis,-0.012586304917931557,6.586074596270919e-05,0.01258647723253043,0.49860346453175564,0.02524346124299505,0.0027561628976344008,0.09485792190199345,0.3429716784378578,34
0.2914746930654853,g1/BioMotionLab_NTroje/rub018/0006_normal_walk2_poses_120_jpos.npz,C:\Projects\unitree-g1-rl-il-walking\datasets\raw\amass_candidates\g1\BioMotionLab_NTroje\rub018\0006_normal_walk2_poses_120_jpos.npz,124,30.0,4.133333333333334,pelvis,0.027478547766804695,-0.0024429892655462027,0.027586931397387084,0.36633358429313534,0.07530549362712097,0.006674257596142035,0.09492871852630261,0.33809528679683293,52
0.2901858233125707,g1/BioMotionLab_NTroje/rub021/0008_normal_walk4_poses_120_jpos.npz,C:\Projects\unitree-g1-rl-il-walking\datasets\raw\amass_candidates\g1\BioMotionLab_NTroje\rub021\0008_normal_walk4_poses_120_jpos.npz,121,30.0,4.033333333333333,pelvis,-0.02929086610674858,-0.0017316245939582586,0.029342006765350488,0.3498673505318967,0.0838660901645792,0.0072748777104174765,0.110554753816323,0.38710748738255996,62
0.2874655945878784,g1/BioMotionLab_NTroje/rub018/0008_normal_walk4_poses_120_jpos.npz,C:\Projects\unitree-g1-rl-il-walking\datasets\raw\amass_candidates\g1\BioMotionLab_NTroje\rub018\0008_normal_walk4_poses_120_jpos.npz,124,30.0,4.133333333333334,pelvis,0.02414567396044731,0.0043521118350327015,0.02453476000349005,0.39251615143681595,0.06250637053705918,0.0059358290331024315,0.09788588684823417,0.3643408068295183,54
0.28500583556927195,g1/BioMotionLab_NTroje/rub021/0006_normal_walk2_poses_120_jpos.npz,C:\Projects\unitree-g1-rl-il-walking\datasets\raw\amass_candidates\g1\BioMotionLab_NTroje\rub021\0006_normal_walk2_poses_120_jpos.npz,123,30.0,4.1,pelvis,0.0177918653935194,0.010914535261690617,0.020872890412202166,0.3378251417614423,0.0617860775647708,0.005090948881024919,0.11214465960992227,0.3837230945455617,60
0.284171521911121,g1/BioMotionLab_NTroje/rub016/0008_normal_walk4_poses_120_jpos.npz,C:\Projects\unitree-g1-rl-il-walking\datasets\raw\amass_candidates\g1\BioMotionLab_NTroje\rub016\0008_normal_walk4_poses_120_jpos.npz,115,30.0,3.8333333333333335,pelvis,0.034468475729227066,-0.0091518210247159,0.035662748732602584,0.42502885543854607,0.08390665310430664,0.009303325756331108,0.10802883767958493,0.35711114159945784,46
0.2821236854769543,g1/BioMotionLab_NTroje/rub012/0004_normal_walk1_poses_120_jpos.npz,C:\Projects\unitree-g1-rl-il-walking\datasets\raw\amass_candidates\g1\BioMotionLab_NTroje\rub012\0004_normal_walk1_poses_120_jpos.npz,135,30.0,4.5,pelvis,0.0004683256265707314,0.0027510642539709806,0.002790642116427647,0.4924467407693334,0.0056668912298371964,0.0006201426925394771,0.09320820902361668,0.33267981430579874,32
0.2820744497006106,g1/BioMotionLab_NTroje/rub020/0007_normal_walk3_poses_120_jpos.npz,C:\Projects\unitree-g1-rl-il-walking\datasets\raw\amass_candidates\g1\BioMotionLab_NTroje\rub020\0007_normal_walk3_poses_120_jpos.npz,121,30.0,4.033333333333333,pelvis,0.02219637855887413,-0.01223758701235056,0.02534635589219283,0.45491989715257064,0.055716085514923505,0.006284220469138718,0.11839678047325453,0.40655406590165766,57
0.28138183880613377,g1/BioMotionLab_NTroje/rub018/0007_normal_walk3_poses_120_jpos.npz,C:\Projects\unitree-g1-rl-il-walking\datasets\raw\amass_candidates\g1\BioMotionLab_NTroje\rub018\0007_normal_walk3_poses_120_jpos.npz,132,30.0,4.4,pelvis,-0.006168771535158157,-0.0009018135024234653,0.006234341171778362,0.4119339658670065,0.015134321732020343,0.0014168957208587187,0.09583821462708715,0.3408384158693511,53
0.2811496733417831,g1/BioMotionLab_NTroje/rub015/0006_normal_walk2_poses_120_jpos.npz,C:\Projects\unitree-g1-rl-il-walking\datasets\raw\amass_candidates\g1\BioMotionLab_NTroje\rub015\0006_normal_walk2_poses_120_jpos.npz,134,30.0,4.466666666666667,pelvis,0.0018819140968844295,0.0020853423047810793,0.0028089594507863585,0.39705780628629594,0.007074434518889616,0.0006288715188327668,0.09394239960483515,0.34166190542023755,41
0.28097521792904856,g1/BioMotionLab_NTroje/rub012/0005_normal_walk2_poses_120_jpos.npz,C:\Projects\unitree-g1-rl-il-walking\datasets\raw\amass_candidates\g1\BioMotionLab_NTroje\rub012\0005_normal_walk2_poses_120_jpos.npz,113,30.0,3.7666666666666666,pelvis,0.027559712529182434,0.018978595733642578,0.03346228998009867,0.39906751108130695,0.08385120073901726,0.008883793800026196,0.0896912755748071,0.30350126891300594,33
0.2807132860790059,g1/BioMotionLab_NTroje/rub014/0005_normal_walk1_poses_120_jpos.npz,C:\Projects\unitree-g1-rl-il-walking\datasets\raw\amass_candidates\g1\BioMotionLab_NTroje\rub014\0005_normal_walk1_poses_120_jpos.npz,123,30.0,4.1,pelvis,0.01758757419884205,-0.0003720092645380646,0.01759150809602965,0.36563848256983766,0.0481117522761561,0.004290611730738939,0.11560035805718884,0.38142558624004497,36
0.2805241356924111,g1/BioMotionLab_NTroje/rub018/0005_normal_walk1_poses_120_jpos.npz,C:\Projects\unitree-g1-rl-il-walking\datasets\raw\amass_candidates\g1\BioMotionLab_NTroje\rub018\0005_normal_walk1_poses_120_jpos.npz,122,30.0,4.066666666666666,pelvis,-0.01080273650586605,-0.01699720323085785,0.020139613543617353,0.4037840611495023,0.049877188035316225,0.004952363986135415,0.09577483268171962,0.33387036981253787,51
0.2787291081409425,g1/BioMotionLab_NTroje/rub022/0005_normal_walk1_poses_120_jpos.npz,C:\Projects\unitree-g1-rl-il-walking\datasets\raw\amass_candidates\g1\BioMotionLab_NTroje\rub022\0005_normal_walk1_poses_120_jpos.npz,105,30.0,3.5,pelvis,0.03523392975330353,0.011318798176944256,0.03700736410541994,0.3310838212083476,0.11177641954945176,0.010573532601548554,0.08708997137852022,0.2997375932233087,63
0.27846917795171466,g1/BioMotionLab_NTroje/rub026/0007_normal_walk3_poses_120_jpos.npz,C:\Projects\unitree-g1-rl-il-walking\datasets\raw\amass_candidates\g1\BioMotionLab_NTroje\rub026\0007_normal_walk3_poses_120_jpos.npz,128,30.0,4.266666666666667,pelvis,0.007356622721999884,0.0025578117929399014,0.007788600583028212,0.3373086126768972,0.02309042903238523,0.0018254532616472372,0.0973244189601354,0.3348850628425335,80
0.2782783197384647,g1/BioMotionLab_NTroje/rub024/0008_normal_walk4_poses_120_jpos.npz,C:\Projects\unitree-g1-rl-il-walking\datasets\raw\amass_candidates\g1\BioMotionLab_NTroje\rub024\0008_normal_walk4_poses_120_jpos.npz,124,30.0,4.133333333333334,pelvis,-0.005317773669958115,0.015043544583022594,0.015955781097341748,0.45775595059751795,0.03485652360502217,0.0038602696203246163,0.08610303890081723,0.30496039883843784,73
0.27809411776485027,g1/BioMotionLab_NTroje/rub020/0005_normal_walk1_poses_120_jpos.npz,C:\Projects\unitree-g1-rl-il-walking\datasets\raw\amass_candidates\g1\BioMotionLab_NTroje\rub020\0005_normal_walk1_poses_120_jpos.npz,125,30.0,4.166666666666667,pelvis,0.01339857466518879,-0.0025400351732969284,0.013637213122197088,0.43556975578799073,0.031308907335694046,0.0032729311493273007,0.1174014775058749,0.39358488444624273,55
0.27759861379555195,g1/BioMotionLab_NTroje/rub012/0007_normal_walk4_poses_120_jpos.npz,C:\Projects\unitree-g1-rl-il-walking\datasets\raw\amass_candidates\g1\BioMotionLab_NTroje\rub012\0007_normal_walk4_poses_120_jpos.npz,109,30.0,3.6333333333333333,pelvis,-0.03452626243233681,0.010348853655159473,0.03604388394058692,0.4098166030811653,0.08795125348654635,0.009920335029519336,0.09557834797912508,0.32444408022124194,35
0.27725369328751137,g1/BioMotionLab_NTroje/rub022/0008_normal_walk4_poses_120_jpos.npz,C:\Projects\unitree-g1-rl-il-walking\datasets\raw\amass_candidates\g1\BioMotionLab_NTroje\rub022\0008_normal_walk4_poses_120_jpos.npz,125,30.0,4.166666666666667,pelvis,-0.010023050010204315,-0.006777648814022541,0.012099506392959916,0.4091675981791312,0.029571027732413022,0.0029038815343103794,0.10264114941504154,0.3520621349071634,66
0.27658227028467636,g1/BioMotionLab_NTroje/rub026/0005_normal_walk1_poses_120_jpos.npz,C:\Projects\unitree-g1-rl-il-walking\datasets\raw\amass_candidates\g1\BioMotionLab_NTroje\rub026\0005_normal_walk1_poses_120_jpos.npz,126,30.0,4.2,pelvis,0.007714364677667618,-0.003801364917308092,0.008600104511840921,0.3401040638174767,0.025286685537683932,0.0020476439313906955,0.10352819779930514,0.34324529253203295,78
0.27618943216691627,g1/BioMotionLab_NTroje/rub017/0006_normal_walk2_poses_120_jpos.npz,C:\Projects\unitree-g1-rl-il-walking\datasets\raw\amass_candidates\g1\BioMotionLab_NTroje\rub017\0006_normal_walk2_poses_120_jpos.npz,115,30.0,3.8333333333333335,pelvis,-0.013495177961885929,0.02093452401459217,0.024907310652507387,0.3899398906659199,0.06387474389955827,0.0064975593006541005,0.1181671368650285,0.38386140198543156,48
0.27567802265361874,g1/BioMotionLab_NTroje/rub024/0007_normal_walk3_poses_120_jpos.npz,C:\Projects\unitree-g1-rl-il-walking\datasets\raw\amass_candidates\g1\BioMotionLab_NTroje\rub024\0007_normal_walk3_poses_120_jpos.npz,127,30.0,4.233333333333333,pelvis,-0.0034645250998437405,-0.007037830539047718,0.007844360577115255,0.45696366467631744,0.0171662676564704,0.0018529985615232886,0.08195523706332483,0.28471862858739394,72
0.2743839451987829,g1/BioMotionLab_NTroje/rub026/0006_normal_walk2_poses_120_jpos.npz,C:\Projects\unitree-g1-rl-il-walking\datasets\raw\amass_candidates\g1\BioMotionLab_NTroje\rub026\0006_normal_walk2_poses_120_jpos.npz,122,30.0,4.066666666666666,pelvis,0.009421841241419315,-0.005464382003992796,0.010891765837735871,0.3093097094342765,0.035213139146704354,0.0026783030748530833,0.09855761148651067,0.3338222585875413,79
0.2717720581622072,g1/BioMotionLab_NTroje/rub014/0008_normal_walk4_poses_120_jpos.npz,C:\Projects\unitree-g1-rl-il-walking\datasets\raw\amass_candidates\g1\BioMotionLab_NTroje\rub014\0008_normal_walk4_poses_120_jpos.npz,114,30.0,3.8,pelvis,-0.0013138246722519398,-0.022011833265423775,0.022051007663465964,0.40403631161577913,0.05457679676186013,0.005802896753543675,0.1206713611716679,0.3951646952793516,39
0.27007122746616163,g1/BioMotionLab_NTroje/rub014/0007_normal_walk3_poses_120_jpos.npz,C:\Projects\unitree-g1-rl-il-walking\datasets\raw\amass_candidates\g1\BioMotionLab_NTroje\rub014\0007_normal_walk3_poses_120_jpos.npz,111,30.0,3.7,pelvis,0.020934658125042915,-0.0048120878636837006,0.02148059823236395,0.3354201936541751,0.06404086169752461,0.005805567089828095,0.11975978113848186,0.3848767691645129,38
0.2677722892214217,g1/BioMotionLab_NTroje/rub016/0007_normal_walk3_poses_120_jpos.npz,C:\Projects\unitree-g1-rl-il-walking\datasets\raw\amass_candidates\g1\BioMotionLab_NTroje\rub016\0007_normal_walk3_poses_120_jpos.npz,115,30.0,3.8333333333333335,pelvis,-0.014219855889678001,-0.0094701386988163,0.017084725005045535,0.4396635726889031,0.03885863206851193,0.004456884783924922,0.09944815361339815,0.3422321944401182,45
0.2661531603776535,g1/BioMotionLab_NTroje/rub010/0007_normal_walk3_poses_120_jpos.npz,C:\Projects\unitree-g1-rl-il-walking\datasets\raw\amass_candidates\g1\BioMotionLab_NTroje\rub010\0007_normal_walk3_poses_120_jpos.npz,84,30.0,2.8,pelvis,-0.03642957657575607,0.014514293521642685,0.03921452238547952,0.23885482813838757,0.16417722300660145,0.014005186566242686,0.10327679782239674,0.3413478259382577,26
0.26578079836042107,g1/BioMotionLab_NTroje/rub008/0005_normal_walk1_poses_120_jpos.npz,C:\Projects\unitree-g1-rl-il-walking\datasets\raw\amass_candidates\g1\BioMotionLab_NTroje\rub008\0005_normal_walk1_poses_120_jpos.npz,104,30.0,3.466666666666667,pelvis,-0.02324187569320202,0.0054026031866669655,0.02386153613937793,0.29647749776591387,0.08048346440854676,0.006883135424820556,0.10926024637258722,0.37894991348529683,17
0.26506495411877407,g1/BioMotionLab_NTroje/rub014/0006_normal_walk2_poses_120_jpos.npz,C:\Projects\unitree-g1-rl-il-walking\datasets\raw\amass_candidates\g1\BioMotionLab_NTroje\rub014\0006_normal_walk2_poses_120_jpos.npz,114,30.0,3.8,pelvis,-0.003033778630197048,-0.012958011589944363,0.013308413772579086,0.3552086956262003,0.037466463902629345,0.003502214150678707,0.11809297071081827,0.38496990861563846,37
0.26413803880379083,g1/BioMotionLab_NTroje/rub017/0007_normal_walk3_poses_120_jpos.npz,C:\Projects\unitree-g1-rl-il-walking\datasets\raw\amass_candidates\g1\BioMotionLab_NTroje\rub017\0007_normal_walk3_poses_120_jpos.npz,104,30.0,3.466666666666667,pelvis,-0.020785879343748093,-0.015451336279511452,0.02589974078857548,0.36211753407832786,0.07152302319327414,0.007471079073627542,0.11605506640451077,0.39665151464528053,49
0.26341166810373007,g1/BioMotionLab_NTroje/rub021/0005_normal_walk1_poses_120_jpos.npz,C:\Projects\unitree-g1-rl-il-walking\datasets\raw\amass_candidates\g1\BioMotionLab_NTroje\rub021\0005_normal_walk1_poses_120_jpos.npz,116,30.0,3.8666666666666667,pelvis,-0.005944898817688227,0.006281309295445681,0.008648506716052384,0.33968084907389057,0.025460683873205582,0.002236682771392858,0.10934983114161333,0.3672166446159626,59
0.26004037986135975,g1/BioMotionLab_NTroje/rub017/0008_normal_walk4_poses_120_jpos.npz,C:\Projects\unitree-g1-rl-il-walking\datasets\raw\amass_candidates\g1\BioMotionLab_NTroje\rub017\0008_normal_walk4_poses_120_jpos.npz,101,30.0,3.3666666666666667,pelvis,-0.024508357048034668,0.00776456855237484,0.02570891071201732,0.36297957183828067,0.07082743136705083,0.0076363101124803925,0.11893205895373754,0.3881915931043954,50
0.259453169386078,g1/BioMotionLab_NTroje/rub016/0006_normal_walk2_poses_120_jpos.npz,C:\Projects\unitree-g1-rl-il-walking\datasets\raw\amass_candidates\g1\BioMotionLab_NTroje\rub016\0006_normal_walk2_poses_120_jpos.npz,109,30.0,3.6333333333333333,pelvis,0.014358364045619965,0.004284877795726061,0.014984084749855707,0.3804106133846165,0.03938923947609725,0.004124060022896066,0.09685924614191845,0.33204266120647563,44
0.2593256611254259,g1/BioMotionLab_NTroje/rub020/0008_normal_walk4_poses_120_jpos.npz,C:\Projects\unitree-g1-rl-il-walking\datasets\raw\amass_candidates\g1\BioMotionLab_NTroje\rub020\0008_normal_walk4_poses_120_jpos.npz,116,30.0,3.8666666666666667,pelvis,0.003840313060209155,0.0038600731641054153,0.005445013244488924,0.4306840914204562,0.012642708084551047,0.0014081930804712734,0.11713254076647815,0.38648663718124915,58
0.2582954028426957,g1/BioMotionLab_NTroje/rub004/0004_normal_walk1_poses_120_jpos.npz,C:\Projects\unitree-g1-rl-il-walking\datasets\raw\amass_candidates\g1\BioMotionLab_NTroje\rub004\0004_normal_walk1_poses_120_jpos.npz,93,30.0,3.1,pelvis,-0.035279933363199234,-0.01144737284630537,0.03709064630326773,0.4091056289894191,0.09066276207171674,0.01196472461395733,0.11163907903979037,0.36997651231699974,9
0.25808627777551685,g1/BioMotionLab_NTroje/rub007/0006_normal_walk2_poses_120_jpos.npz,C:\Projects\unitree-g1-rl-il-walking\datasets\raw\amass_candidates\g1\BioMotionLab_NTroje\rub007\0006_normal_walk2_poses_120_jpos.npz,97,30.0,3.2333333333333334,pelvis,-0.02618422359228134,0.004655914381146431,0.02659494508088236,0.32234098765529506,0.08250562633791536,0.008225240746664648,0.09655698226347412,0.32887615828678524,16
0.25657299112679643,g1/BioMotionLab_NTroje/rub002/0005_normal_walk1_poses_120_jpos.npz,C:\Projects\unitree-g1-rl-il-walking\datasets\raw\amass_candidates\g1\BioMotionLab_NTroje\rub002\0005_normal_walk1_poses_120_jpos.npz,107,30.0,3.566666666666667,pelvis,-0.006188345607370138,0.01277986541390419,0.014199316228387965,0.36172043743288407,0.03925494597197759,0.003981116699548027,0.09761685829277664,0.3293763604657403,5
0.25002867156854036,g1/BioMotionLab_NTroje/rub006/0006_normal_walk2_poses_120_jpos.npz,C:\Projects\unitree-g1-rl-il-walking\datasets\raw\amass_candidates\g1\BioMotionLab_NTroje\rub006\0006_normal_walk2_poses_120_jpos.npz,101,30.0,3.3666666666666667,pelvis,-0.01685592345893383,-0.0009336280636489391,0.016881759890919806,0.40865786777733715,0.04131025295741538,0.005014384126015784,0.1278829697200207,0.4307455852113921,14
0.24852265595088957,g1/BioMotionLab_NTroje/rub005/0004_normal_walk1_poses_120_jpos.npz,C:\Projects\unitree-g1-rl-il-walking\datasets\raw\amass_candidates\g1\BioMotionLab_NTroje\rub005\0004_normal_walk1_poses_120_jpos.npz,78,30.0,2.6,pelvis,0.019880853593349457,-0.02884315513074398,0.03503107102982093,0.2716864534443117,0.12893933645094802,0.013473488857623433,0.11730058872025803,0.3856428491658178,11
0.24585433563358125,g1/BioMotionLab_NTroje/rub001/0006_normal_walk2_poses_120_jpos.npz,C:\Projects\unitree-g1-rl-il-walking\datasets\raw\amass_candidates\g1\BioMotionLab_NTroje\rub001\0006_normal_walk2_poses_120_jpos.npz,73,30.0,2.433333333333333,pelvis,0.026636935770511627,0.012572040781378746,0.02945475439807659,0.1952010293442603,0.15089446247811333,0.012104693588250654,0.08903432971770486,0.30288669158672465,4
0.24387794255695835,g1/BioMotionLab_NTroje/rub016/0005_normal_walk1_poses_120_jpos.npz,C:\Projects\unitree-g1-rl-il-walking\datasets\raw\amass_candidates\g1\BioMotionLab_NTroje\rub016\0005_normal_walk1_poses_120_jpos.npz,98,30.0,3.2666666666666666,pelvis,0.010216761380434036,0.008411312475800514,0.013233759506288672,0.359905091949971,0.03677013691189522,0.004051150869272042,0.10309988722703613,0.34585413439520474,43
0.24239880060467522,g1/BioMotionLab_NTroje/rub008/0007_normal_walk3_poses_120_jpos.npz,C:\Projects\unitree-g1-rl-il-walking\datasets\raw\amass_candidates\g1\BioMotionLab_NTroje\rub008\0007_normal_walk3_poses_120_jpos.npz,86,30.0,2.8666666666666667,pelvis,0.01989980973303318,-0.011498183943331242,0.022982834059480185,0.2849512018998016,0.0806553329350817,0.008017267695167507,0.10953679110870686,0.37023063363700076,18
0.23935598548089762,g1/BioMotionLab_NTroje/rub002/0006_normal_walk2_poses_120_jpos.npz,C:\Projects\unitree-g1-rl-il-walking\datasets\raw\amass_candidates\g1\BioMotionLab_NTroje\rub002\0006_normal_walk2_poses_120_jpos.npz,76,30.0,2.533333333333333,pelvis,0.019116215407848358,0.02275596559047699,0.029719752042610178,0.2709935966553337,0.10966957304312096,0.011731481069451386,0.09621950884679059,0.314595288243787,6
0.23767986691688653,g1/BioMotionLab_NTroje/rub017/0005_normal_walk1_poses_120_jpos.npz,C:\Projects\unitree-g1-rl-il-walking\datasets\raw\amass_candidates\g1\BioMotionLab_NTroje\rub017\0005_normal_walk1_poses_120_jpos.npz,98,30.0,3.2666666666666666,pelvis,0.00148539780639112,-0.006602478213608265,0.006767505094523634,0.3412355939087077,0.019832353996266212,0.002071685233017439,0.11866688249238412,0.40273004564745674,47
0.23760706720004632,g1/BioMotionLab_NTroje/rub003/0005_normal_walk1_poses_120_jpos.npz,C:\Projects\unitree-g1-rl-il-walking\datasets\raw\amass_candidates\g1\BioMotionLab_NTroje\rub003\0005_normal_walk1_poses_120_jpos.npz,93,30.0,3.1,pelvis,0.008379469625651836,-0.004499759525060654,0.009511222160721292,0.22379685731953539,0.04249935532893227,0.003068136180877836,0.0917722639533464,0.3040810124627475,7
0.23712434982675715,g1/BioMotionLab_NTroje/rub009/0008_normal_walk4_poses_120_jpos.npz,C:\Projects\unitree-g1-rl-il-walking\datasets\raw\amass_candidates\g1\BioMotionLab_NTroje\rub009\0008_normal_walk4_poses_120_jpos.npz,75,30.0,2.5,pelvis,-0.02704864926636219,0.010772095061838627,0.029114729247512572,0.2731925605416553,0.10657218919061039,0.01164589169900503,0.10570943226764515,0.3612069508125042,23
0.2344745223175256,g1/BioMotionLab_NTroje/rub009/0007_normal_walk3_poses_120_jpos.npz,C:\Projects\unitree-g1-rl-il-walking\datasets\raw\amass_candidates\g1\BioMotionLab_NTroje\rub009\0007_normal_walk3_poses_120_jpos.npz,76,30.0,2.533333333333333,pelvis,-0.022746361792087555,-0.009386901743710041,0.024607131062409675,0.25253283253852715,0.09744131412558223,0.009713341208845925,0.10000334284556071,0.3354978808041277,22
0.2313721613062542,g1/BioMotionLab_NTroje/rub011/0007_normal_walk3_poses_120_jpos.npz,C:\Projects\unitree-g1-rl-il-walking\datasets\raw\amass_candidates\g1\BioMotionLab_NTroje\rub011\0007_normal_walk3_poses_120_jpos.npz,80,30.0,2.6666666666666665,pelvis,-0.020507188513875008,0.0015946960775181651,0.020569099064452454,0.29202279331949554,0.07043662184940566,0.007713412149169671,0.12284192173481225,0.39039200749890557,30
0.2301207703645065,g1/BioMotionLab_NTroje/rub010/0005_normal_walk1_poses_120_jpos.npz,C:\Projects\unitree-g1-rl-il-walking\datasets\raw\amass_candidates\g1\BioMotionLab_NTroje\rub010\0005_normal_walk1_poses_120_jpos.npz,97,30.0,3.2333333333333334,pelvis,-0.00039703131187707186,-0.00046426773769780993,0.0006108832907175242,0.25420794117994766,0.002403085001522807,0.00018893297651057447,0.10778469558197598,0.35270896451226597,24
0.22901218562483236,g1/BioMotionLab_NTroje/rub011/0005_normal_walk1_poses_120_jpos.npz,C:\Projects\unitree-g1-rl-il-walking\datasets\raw\amass_candidates\g1\BioMotionLab_NTroje\rub011\0005_normal_walk1_poses_120_jpos.npz,84,30.0,2.8,pelvis,0.007915487512946129,0.01135313045233488,0.013840105260992046,0.2793579815216037,0.04954254460748867,0.004942894736068588,0.11568711845846319,0.3633901908479888,28
0.22886251639659685,g1/BioMotionLab_NTroje/rub010/0008_normal_walk4_poses_120_jpos.npz,C:\Projects\unitree-g1-rl-il-walking\datasets\raw\amass_candidates\g1\BioMotionLab_NTroje\rub010\0008_normal_walk4_poses_120_jpos.npz,67,30.0,2.2333333333333334,pelvis,0.024944549426436424,-0.0068771555088460445,0.025875196887768435,0.21948508608775036,0.11789045601678605,0.011585909054224672,0.11218359904485461,0.36473561977518015,27
0.2260602278597852,g1/BioMotionLab_NTroje/rub004/0005_normal_walk2_poses_120_jpos.npz,C:\Projects\unitree-g1-rl-il-walking\datasets\raw\amass_candidates\g1\BioMotionLab_NTroje\rub004\0005_normal_walk2_poses_120_jpos.npz,84,30.0,2.8,pelvis,-0.01400492899119854,0.0019430541433393955,0.014139076895344396,0.3787089175246386,0.037334945761937376,0.005049670319765856,0.11472483469047809,0.3771411057176261,10
0.21969322730551338,g1/BioMotionLab_NTroje/rub009/0006_normal_walk2_poses_120_jpos.npz,C:\Projects\unitree-g1-rl-il-walking\datasets\raw\amass_candidates\g1\BioMotionLab_NTroje\rub009\0006_normal_walk2_poses_120_jpos.npz,83,30.0,2.7666666666666666,pelvis,-0.0010047879768535495,-0.0073273275047540665,0.0073958993530438815,0.28292886191558997,0.026140490945212938,0.0026732166336303187,0.09852594106036268,0.3362218922582166,21
0.2165720250384889,g1/BioMotionLab_NTroje/rub010/0006_normal_walk2_poses_120_jpos.npz,C:\Projects\unitree-g1-rl-il-walking\datasets\raw\amass_candidates\g1\BioMotionLab_NTroje\rub010\0006_normal_walk2_poses_120_jpos.npz,66,30.0,2.2,pelvis,-0.017831336706876755,-0.0026726340875029564,0.01803051695652937,0.2097454690653812,0.08596379715315307,0.008195689525695167,0.11485293264483495,0.3736535516278497,25
0.21376782533079547,g1/BioMotionLab_NTroje/rub008/0008_normal_walk4_poses_120_jpos.npz,C:\Projects\unitree-g1-rl-il-walking\datasets\raw\amass_candidates\g1\BioMotionLab_NTroje\rub008\0008_normal_walk4_poses_120_jpos.npz,55,30.0,1.8333333333333333,pelvis,-0.0006665324908681214,0.021416587755084038,0.02142695724158235,0.17363373361797538,0.12340319357945392,0.011687431222681283,0.10745109937725314,0.3642693963544122,19
0.21342856704713256,g1/BioMotionLab_NTroje/rub005/0005_normal_walk2_poses_120_jpos.npz,C:\Projects\unitree-g1-rl-il-walking\datasets\raw\amass_candidates\g1\BioMotionLab_NTroje\rub005\0005_normal_walk2_poses_120_jpos.npz,63,30.0,2.1,pelvis,0.019917357712984085,-0.008355999365448952,0.021599163494504827,0.26129523404914823,0.08266191143173374,0.010285315949764203,0.11253375569212433,0.3606187392925394,12
0.21032424674802933,g1/BioMotionLab_NTroje/rub003/0006_normal_walk2_poses_120_jpos.npz,C:\Projects\unitree-g1-rl-il-walking\datasets\raw\amass_candidates\g1\BioMotionLab_NTroje\rub003\0006_normal_walk2_poses_120_jpos.npz,81,30.0,2.7,pelvis,-0.0006814265507273376,0.0012176703894510865,0.001395372108572519,0.18889877170754177,0.007386877616826816,0.0005168044846564885,0.09203686840377269,0.30032531146345465,8
0.19124391746684308,g1/BioMotionLab_NTroje/rub011/0008_normal_walk4_poses_120_jpos.npz,C:\Projects\unitree-g1-rl-il-walking\datasets\raw\amass_candidates\g1\BioMotionLab_NTroje\rub011\0008_normal_walk4_poses_120_jpos.npz,62,30.0,2.066666666666667,pelvis,0.005568080581724644,-0.0003140830958727747,0.005576931912413139,0.22169708953192094,0.025155638823170692,0.0026985154414902283,0.12975626790603,0.41500149102046574,31
0.1908095548463208,g1/BioMotionLab_NTroje/rub011/0006_normal_walk2_poses_120_jpos.npz,C:\Projects\unitree-g1-rl-il-walking\datasets\raw\amass_candidates\g1\BioMotionLab_NTroje\rub011\0006_normal_walk2_poses_120_jpos.npz,61,30.0,2.033333333333333,pelvis,-0.006107383873313665,-0.0017957687377929688,0.006365918875986905,0.23288208843017563,0.027335373531294917,0.0031307797750755274,0.12031860521143507,0.3779494022500926,29
0.18791221275731235,g1/BioMotionLab_NTroje/rub001/0005_normal_walk1_poses_120_jpos.npz,C:\Projects\unitree-g1-rl-il-walking\datasets\raw\amass_candidates\g1\BioMotionLab_NTroje\rub001\0005_normal_walk1_poses_120_jpos.npz,63,30.0,2.1,pelvis,-0.0016922676004469395,0.00111980433575809,0.002029219402111329,0.16423322629584272,0.012355717828108546,0.0009662949533863471,0.09183640204081969,0.3023222643753578,3
