frame,root_x,root_y,root_z,left_z,right_z,left_contact,right_contact,left_contact_count,right_contact_count,left_xy_step_motion,right_xy_step_motion,left_clearance,right_clearance,left_swing,right_swing
0,0.0,0.0,0.79,0.08011902943780005,-0.007620737489080903,0,1,0,2,0.0,0.0,0.10148624888302292,0.0012425727546547666,1,0
1,0.015451276674866676,3.0571674869861454e-05,0.79,0.0709829680905402,-0.006590984924168514,0,1,0,2,0.014174235838045104,0.004501623270357405,0.09235018753576306,0.002272325319567156,1,0
2,0.03147733584046364,-0.0002639866142999381,0.79,0.06674046159051027,-0.007243368041587289,0,1,0,2,0.005546022803393647,0.022375294274697394,0.08810768103573313,0.0016199422021483806,1,0
3,0.044972147792577744,-0.0011825484689325094,0.79,0.060843086753473136,-0.007047781442104245,0,1,0,2,0.025396070430040874,0.019350669252912484,0.082210306198696,0.0018155288016314247,1,0
4,0.057836826890707016,-0.0007575556519441307,0.79,0.05723823600063645,-0.007415657855070909,0,1,0,2,0.04701362194271313,0.015516677236677129,0.07860545544585931,0.0014476523886647608,1,0
5,0.0697726309299469,-0.0011215242557227612,0.79,0.06601002697924178,-0.007542757242859327,0,1,0,2,0.04351977879982276,0.02296966875766385,0.08737724642446465,0.0013205530008763428,1,0
6,0.08160195499658585,-0.0008693113340996206,0.79,0.07386245175567792,-0.007633018017836751,0,1,0,2,0.04418799408400462,0.02342683797705221,0.09522967120090078,0.0012302922258989185,1,0
7,0.09331678599119186,-0.0005372189916670322,0.79,0.0706500105969011,-0.00822056488778436,0,1,0,2,0.04412473098450655,0.03299515630296227,0.09201723004212396,0.0006427453559513102,1,0
8,0.10379564017057419,-0.00042584663606248796,0.79,0.053640195658248596,-0.0072187593123215765,0,1,0,2,0.05905388935159132,0.0207825191466254,0.07500741510347146,0.0016445509314140933,1,0
9,0.11447030305862427,0.0005317586474120617,0.79,0.02706550203563325,-0.005460674321710712,0,1,0,2,0.06904077134321873,0.019045817914367106,0.04843272148085612,0.0034026359220249575,1,0
10,0.12472517788410187,0.0008861253736540675,0.79,-0.0002798268181086333,-2.5783383634778168e-05,1,1,2,1,0.07004305980808193,0.016217006729327122,0.02108739262711423,0.008837526860100892,1,0
11,0.1354224979877472,0.0014662789180874825,0.79,-0.01834124281844912,0.009049597086211447,1,0,2,0,0.07582888048072309,0.019349734070786585,0.00302597662677374,0.017912907329947117,0,1
12,0.14658600091934204,0.0025611130986362696,0.79,-0.022393556059363606,0.023431952148049537,1,0,2,0,0.07293269567816944,0.017715142576499802,-0.0010263366141407444,0.03229526239178521,0,1
13,0.15824459493160248,0.003615635447204113,0.79,-0.012090732064342455,0.034261862739198526,1,0,2,0,0.06982526887485695,0.012674004074503746,0.009276487380880407,0.043125172982934196,0,1
14,0.17083604633808136,0.004796434193849564,0.79,0.0065931250691822485,0.04673967082842691,0,0,0,0,0.05272392284793315,0.0146358698238096,0.02796034451440511,0.05560298107216258,1,1
15,0.18412430584430695,0.006283911410719156,0.79,0.021532072692884846,0.0599573835895819,0,0,0,0,0.03105360574982381,0.014444561153546826,0.04289929213810771,0.06882069383331757,1,1
16,0.19809305667877197,0.007320932112634182,0.79,0.020666826107242797,0.07313442598833506,0,0,0,0,0.01486701963441847,0.014034100253183609,0.04203404555246566,0.08199773623207073,1,1
17,0.21302193403244019,0.008220266550779343,0.79,0.007997919741576126,0.08224485391358986,0,0,0,0,0.012929879101235924,0.0136462354584253,0.029365139186798988,0.09110816415732553,1,1
18,0.22900688648223877,0.008937832899391651,0.79,0.00031980349554809606,0.08015232657389826,1,0,1,0,0.0121039982823671,0.01112178574364053,0.021687022940770958,0.08901563681763393,1,1
19,0.2454226016998291,0.009523779153823853,0.79,-0.004771597982397652,0.0757241244019857,1,0,2,0,0.004001533948960881,0.011900740654222083,0.01659562146282521,0.08458743464572137,1,1
20,0.26128268241882324,0.009935805574059486,0.79,-0.009609689199241989,0.07642378107736637,1,0,2,0,0.014968630987661116,0.017233282945675048,0.011757530245980873,0.08528709132110204,0,1
21,0.275608092546463,0.010083716362714767,0.79,-0.013313273647290541,0.08314791326395563,1,0,2,0,0.020186786434486244,0.02383315844192915,0.00805394579793232,0.0920112235076913,0,1
22,0.288499116897583,0.009831108152866364,0.79,-0.016362122840938326,0.09234959171799119,1,0,2,0,0.02522260396419116,0.031715297627564885,0.005005096604284536,0.10121290196172686,0,1
23,0.29976215958595276,0.009468595497310162,0.79,-0.016139058213409843,0.09442164676421069,1,0,2,0,0.017485688510046817,0.04704027428896532,0.005228161231813019,0.10328495700794636,0,1
24,0.311025470495224,0.009040527045726776,0.79,-0.016474670261991065,0.09139673403401297,1,0,2,0,0.02473687062926676,0.046539215115987326,0.004892549183231797,0.10026004427774864,0,1
25,0.3219507038593292,0.008297042921185493,0.79,-0.01680474145705252,0.08033738822878514,1,0,2,0,0.023708370554918253,0.05274917839097511,0.004562477988170343,0.08920069847252081,0,1
26,0.33256691694259644,0.007409817073494196,0.79,-0.014678369976442673,0.06234792391245038,1,0,2,0,0.02268387412201589,0.05796254879834968,0.0066888494687801885,0.07121123415618605,0,1
27,0.34446126222610474,0.006764739286154509,0.79,-0.011143337996823988,0.03923532049741016,1,0,2,0,0.02442909490136491,0.06330462770503369,0.010223881448398874,0.04809863074114583,0,1
28,0.3531707525253296,0.004817575681954622,0.79,-0.009666202045259933,0.019612215913136485,1,0,2,0,0.010149345031205586,0.07761149821378258,0.011701017399962928,0.028475526156872155,0,1
29,0.3637624680995941,0.003323848359286785,0.79,-0.004546221058932945,0.006317139275156536,1,0,2,0,0.016373043341368552,0.06781003984133546,0.016820998386289917,0.015180449518892206,1,1
30,0.3745247423648834,0.002024633577093482,0.79,0.001421618596183838,0.0002921559345578917,1,1,1,2,0.007103497936549254,0.06851294883737452,0.0227888380414067,0.009155466178293561,1,0
31,0.38582438230514526,0.0007139998488128185,0.79,0.00866468914230678,-0.00023225396856739466,0,1,0,2,0.007769587387615157,0.058044986918476815,0.030031908587529643,0.008631056275168275,1,0
32,0.3980346918106079,-0.00023666355991736054,0.79,0.024375292337563956,0.0010053233146908522,0,1,0,2,0.022351983231607142,0.040260588610017016,0.04574251178278682,0.009868633558426522,1,0
33,0.410989373922348,-0.0014303468633443117,0.79,0.0376424144843748,0.001997794131381375,0,1,0,1,0.012309556311959778,0.02947173575348725,0.05900963392959767,0.010861104375117045,1,0
34,0.4241335690021515,-0.0029082593973726034,0.79,0.04864832022436423,0.02422882498453329,0,0,0,0,0.01141668025020586,0.0802265046474414,0.0700155396695871,0.03309213522826896,1,1
35,0.43815144896507263,-0.00384181528352201,0.79,0.05996789070915261,0.026157934410685278,0,0,0,0,0.010511772711078645,0.020577040626410588,0.08133511015437547,0.03502124465442095,1,1
36,0.45270586013793945,-0.005136247258633375,0.79,0.07054315091443895,0.005028798825530166,0,0,0,0,0.014367370807480467,0.045198969535183334,0.09191037035966182,0.013892109069265836,1,0
37,0.4680640995502472,-0.006515384651720524,0.79,0.07726923158361396,-0.0008104224128757387,0,1,0,2,0.013908507668916143,0.005802093121272143,0.09863645102883682,0.008052887830859931,1,0
38,0.4842877686023712,-0.007907447405159473,0.79,0.0712839239934103,-0.008490794121050832,0,1,0,2,0.013101427948421139,0.009180635256786262,0.09265114343863316,0.0003725161226848378,1,0
39,0.5004182457923889,-0.009477159008383751,0.79,0.06823322304840809,-0.009941957808718413,0,1,0,2,0.006291132061740732,0.007894666146236878,0.08960044249363096,-0.0010786475649827432,1,0
40,0.5154268741607666,-0.011457685381174088,0.79,0.06472264977483123,-0.00833403287132814,0,1,0,2,0.01910695911352945,0.011130524158260154,0.0860898692200541,0.00052927737240753,1,0
41,0.5291522741317749,-0.013085969723761082,0.79,0.06630872644642782,-0.007127220585581989,0,1,0,2,0.030100988922057918,0.016272735819994416,0.08767594589165069,0.0017360896581536805,1,0
42,0.5418636202812195,-0.014525339007377625,0.79,0.07129324265570255,-0.007369299192117082,0,1,0,2,0.044621611164524864,0.02166640895657832,0.09266046210092542,0.0014940110516185878,1,0
43,0.5539234280586243,-0.015370404347777367,0.79,0.08027100992922895,-0.0076011107291964475,0,1,0,2,0.04328907394662295,0.024854416916701493,0.10163822937445181,0.0012621995145392223,1,0
44,0.5655507445335388,-0.01598033867776394,0.79,0.07925992343189522,-0.008267559925957818,0,1,0,2,0.049296359078807986,0.024552668046021808,0.10062714287711809,0.0005957503177778517,1,0
45,0.5765573978424072,-0.01644331030547619,0.79,0.06342289161539852,-0.00935677972170279,0,1,0,2,0.057921254901128746,0.02125560030927497,0.08479011106062138,-0.0004934694779671206,1,0
46,0.5877822041511536,-0.016803082078695297,0.79,0.04005941772065033,-0.008276978576179483,0,1,0,2,0.06178492503168124,0.02224524404984363,0.061426637165873196,0.0005863316675561864,1,0
47,0.5984556078910828,-0.01682601496577263,0.79,0.011494240655787136,-0.006417121421199892,0,1,0,2,0.07390777331518728,0.013152313555984127,0.03286146010101,0.0024461888225357775,1,0
48,0.6093500256538391,-0.016575947403907776,0.79,-0.010712633933102372,-0.002073808284048087,1,1,2,1,0.07564303293786613,0.015111971214814352,0.01065458551212049,0.006789501959687583,0,0
49,0.6207520365715027,-0.015993015840649605,0.79,-0.021371055142979434,0.0015524139348446209,1,1,2,1,0.07417749694990594,0.025902560909588243,-3.835697756571915e-06,0.01041572417858029,0,0
50,0.632750928401947,-0.015309600159525871,0.79,-0.020047300876014418,0.01848886244570022,1,0,2,0,0.06381008863596034,0.021172300519002225,0.001319918569208444,0.02735217268943589,0,1
51,0.6453214883804321,-0.014980198815464973,0.79,-0.008005266440421557,0.031542703372388625,1,0,2,0,0.05831446125453822,0.01818673917741855,0.013361953004801305,0.040406013616124295,0,1
52,0.6584948301315308,-0.01467677392065525,0.79,0.010439904291164558,0.04439753974092296,0,0,0,0,0.04808742115125823,0.013920322146244394,0.031807123736387416,0.05326084998465863,1,1
53,0.6725111603736877,-0.014224737882614136,0.79,0.02320079254805113,0.05708484612342472,0,0,0,0,0.028569277462339244,0.01186580553861059,0.044568011993273995,0.0659481563671604,1,1
54,0.6871700882911682,-0.013961640186607838,0.79,0.01830222894289489,0.06926669201398748,0,0,0,0,0.010361325449169541,0.011564075291088848,0.039669448388117756,0.07813000225772315,1,1
55,0.7025695443153381,-0.01376041304320097,0.79,0.004637902212595621,0.07262223349636954,1,0,1,0,0.01037621096195744,0.010543161869485795,0.026005121657818483,0.0814855437401052,1,1
56,0.7190681099891663,-0.013246028684079647,0.79,-0.0038074125660888247,0.07546414099606799,1,0,2,0,0.011468024967408398,0.01763834783452422,0.017559806879134037,0.08432745123980366,1,1
57,0.7360693216323853,-0.012742015533149242,0.79,-0.01048330527121416,0.07157491516703537,1,0,2,0,0.004400941143720741,0.015006914659191625,0.010883914174008701,0.08043822541077104,0,1
58,0.7523704171180725,-0.012449455447494984,0.79,-0.012883207085589085,0.07396488762427601,1,0,2,0,0.0065284075605335935,0.021309539536772372,0.008484012359633777,0.08282819786801168,0,1
59,0.7671600580215454,-0.012057596817612648,0.79,-0.01646406239345591,0.0869971926931528,1,0,2,0,0.023054145454593417,0.023723367994373985,0.004903157051766954,0.09586050293688847,0,1
60,0.7803410291671753,-0.011570261791348457,0.79,-0.019163912352881354,0.09605162264195159,1,0,2,0,0.0261154559817193,0.03460755165922174,0.0022033070923415075,0.10491493288568726,0,1
61,0.7925360798835754,-0.011284580454230309,0.79,-0.019583641420545944,0.09975479565846809,1,0,2,0,0.028149996719292927,0.04234257995925635,0.0017835780246769177,0.10861810590220376,0,1
62,0.803948700428009,-0.01120568998157978,0.79,-0.019783048265109696,0.09252599459951914,1,0,2,0,0.023921608749640128,0.048233152842419816,0.0015841711801131662,0.10138930484325481,0,1
63,0.8149458765983582,-0.011066978797316551,0.79,-0.019092469015302718,0.0774908453423114,1,0,2,0,0.022497589631839135,0.05462625016929119,0.0022747504299201436,0.08635415558604707,0,1
64,0.82570880651474,-0.010944764129817486,0.79,-0.01654743443339808,0.05809022944973084,1,0,2,0,0.022855470227225012,0.059387290856174973,0.004819785011824781,0.06695353969346651,0,1
65,0.8363737463951111,-0.011053401976823807,0.79,-0.012090937702911891,0.03473554383755856,1,0,2,0,0.020161728332421466,0.06745725990019473,0.00927628174231097,0.04359885408129423,0,1
66,0.8466430902481079,-0.011468601413071156,0.79,-0.007136544402951944,0.01583070008878898,1,0,2,0,0.013497018193698909,0.07687287081925374,0.014230675042270918,0.02469401033252465,0,1
67,0.8577670454978943,-0.012106821872293949,0.79,-0.00016746127022516932,0.0036545558748672657,1,1,1,1,0.012541965700039957,0.07415407703612464,0.021199758174997693,0.012517866118602936,1,0
68,0.8691402673721313,-0.012462045066058636,0.79,0.015062992851770415,-0.0027845361013901088,0,1,0,2,0.023740514508984133,0.0652176813669525,0.03643021229699328,0.006078774142345561,1,0
69,0.8805601000785828,-0.013078995980322361,0.79,0.02515692279640408,-0.0012315765825534758,0,1,0,2,0.006351734080826613,0.05901845290936218,0.046524142241626945,0.007631733661182194,1,0
70,0.8931283354759216,-0.013457500375807285,0.79,0.03284123971842422,-0.000591824484905773,0,1,0,2,0.010638798616370796,0.0403144408851077,0.05420845916364708,0.008271485758829897,1,0
71,0.9058674573898315,-0.013788934797048569,0.79,0.04188172020335426,0.023941709972268223,0,0,0,0,0.01011177548699098,0.09425696535221409,0.06324893964857713,0.03280502021600389,1,1
72,0.9192294478416443,-0.014349976554512978,0.79,0.052961859913964196,0.02904432477324128,0,0,0,0,0.01142794929293119,0.03079899664402961,0.07432907935918706,0.03790763501697695,1,1
73,0.9334318041801453,-0.01463919598609209,0.79,0.06424069033266863,0.007215967198903675,0,0,0,0,0.015577638100755211,0.053473696384663434,0.0856079097778915,0.016079277442639345,1,1
74,0.9485959410667419,-0.014907080680131912,0.79,0.07244786489851295,0.01048615623121571,0,0,0,0,0.017878753484125758,0.009566046031870092,0.09381508434373581,0.01934946647495138,1,1
75,0.9644046425819397,-0.01476202066987753,0.79,0.07880005975162349,0.004667682166554998,0,1,0,1,0.015475939775872487,0.0051359093070832956,0.10016727919684636,0.013530992410290668,1,0
76,0.9807166457176208,-0.014679674990475178,0.79,0.06865830156990131,-0.0013882095512677967,0,1,0,2,0.013890728791859831,0.003302471494911664,0.09002552101512418,0.007475100692467873,1,0
77,0.9965727925300598,-0.014628260396420956,0.79,0.06301981987466684,-0.004584980615673445,0,1,0,2,0.011417843319379967,0.011374872393395368,0.08438703931988971,0.004278329628062225,1,0
78,1.011489748954773,-0.014915086328983307,0.79,0.06335377498139053,-0.004928180777221264,0,1,0,2,0.018596466682118583,0.02018495664334278,0.08472099442661339,0.003935129466514406,1,0
79,1.0248925685882568,-0.015521818771958351,0.79,0.06320476966837124,-0.005542169635613409,0,1,0,2,0.03948305358514531,0.02093225531537649,0.0845719891135941,0.003321140608122261,1,0
80,1.037577509880066,-0.015777993947267532,0.79,0.06825555630847965,-0.006787165257741923,0,1,0,2,0.04823163209323942,0.022765435697863164,0.08962277575370252,0.002076144985993747,1,0
81,1.0494006872177124,-0.01610955409705639,0.79,0.0734365883697069,-0.008562251840491017,0,1,0,2,0.046804780891893674,0.024214801543534826,0.09480380781492977,0.00030105840324465283,1,0
82,1.061008095741272,-0.01610199362039566,0.79,0.06561544977242784,-0.009941408292420115,0,1,0,2,0.05323475298557044,0.024427951110027747,0.0869826692176507,-0.001078098048684445,1,0
83,1.072242259979248,-0.015853384509682655,0.79,0.045429129799407775,-0.010790653491869487,0,1,0,2,0.06044340589692926,0.019180018767634144,0.06679634924463064,-0.001927343248133817,1,0
84,1.0830211639404297,-0.015712592750787735,0.79,0.018918710599400368,-0.010698547494016455,0,1,0,2,0.07053784559932604,0.013971381233116895,0.04028593004462323,-0.0018352372502807857,1,0
85,1.0938408374786377,-0.015054571442306042,0.79,-0.004962435110420951,-0.009083524506302482,1,1,2,2,0.0750036700732849,0.016733725110772254,0.01640478433480191,-0.00022021426256681187,1,0
86,1.1048275232315063,-0.014207476750016212,0.79,-0.01945894611341073,-0.0031229688412670736,1,1,2,2,0.07962742026972791,0.012108281306823903,0.0019082733318121319,0.005740341402468596,0,0
87,1.1163485050201416,-0.013232204131782055,0.79,-0.02088874853165769,0.007004045979907003,1,0,2,0,0.07167206825060302,0.025953638526347304,0.0004784709135651731,0.015867356223642673,0,1
88,1.1287204027175903,-0.012370988726615906,0.79,-0.009887154382634489,0.020673123489895973,1,0,2,0,0.06400587111472632,0.020984960391523217,0.011480065062588373,0.029536433733631642,0,1
89,1.1420260667800903,-0.01136880274862051,0.79,0.00861359432408243,0.0354302699101897,0,0,0,0,0.047464391740369906,0.025349748060661488,0.02998081376930529,0.04429358015392537,1,1
90,1.1557284593582153,-0.010360135696828365,0.79,0.025333932455877936,0.050358786392827454,0,0,0,0,0.03452664011441785,0.019508766248168545,0.0467011519011008,0.059222096636563124,1,1
91,1.1699246168136597,-0.009595540352165699,0.79,0.02934686765555291,0.06516977170541768,0,0,0,0,0.019865198894250275,0.015480958230217556,0.05071408710077577,0.07403308194915335,1,1
92,1.1850268840789795,-0.008911238051950932,0.79,0.018433478486276064,0.07737340406942886,0,0,0,0,0.003977389726515534,0.01553960229197238,0.03980069793149893,0.08623671431316453,1,1
93,1.2013022899627686,-0.008343547582626343,0.79,0.0068125898210769364,0.08032563142740812,0,0,0,0,0.008284282146322744,0.013301140631431882,0.0281798092662998,0.08918894167114379,1,1
94,1.2184174060821533,-0.00784254539757967,0.79,-0.002801871815902107,0.08061377825758939,1,0,2,0,0.005578002452356526,0.015021994441797857,0.018565347629320755,0.08947708850132506,1,1
95,1.2357966899871826,-0.007136168424040079,0.79,-0.011974023574205864,0.07299682056102177,1,0,2,0,0.0068915150099412275,0.021391990962167446,0.009393195871016998,0.08186013080475744,0,1
96,1.2519714832305908,-0.006643893197178841,0.79,-0.016115283128057975,0.07746650954939195,1,0,2,0,0.009117554674269076,0.027254298193494734,0.005251936317164887,0.08632981979312762,0,1
97,1.2667306661605835,-0.006286377087235451,0.79,-0.019162035115638326,0.09155427822015501,1,0,2,0,0.021268974584378153,0.0238176192670431,0.0022051843295845357,0.10041758846389068,0,1
98,1.279720425605774,-0.005909659434109926,0.79,-0.02028317594922073,0.0982641570865863,1,0,2,0,0.025201965372152958,0.03673196167907133,0.0010840434960021315,0.10712746733032197,0,1
99,1.2922372817993164,-0.005864560604095459,0.79,-0.019673907250684422,0.09828651787472575,1,0,2,0,0.026131454043560876,0.04305672284346817,0.0016933121945384398,0.10714982811846142,0,1
100,1.304168939590454,-0.005855600815266371,0.79,-0.019196308737818524,0.08826428735221123,1,0,2,0,0.022110870673182244,0.052089815663307434,0.002170910707404338,0.0971275975959469,0,1
101,1.3154616355895996,-0.0061005884781479836,0.79,-0.018069260446383545,0.0717503247539066,1,0,2,0,0.02241990053991279,0.05610020004719976,0.003297958998839317,0.08061363499764226,0,1
102,1.326767921447754,-0.006112461443990469,0.79,-0.014506122646311542,0.050381706995531586,1,0,2,0,0.022291870639300583,0.06051561258295645,0.00686109679891132,0.059245017239267256,0,1
103,1.3375751972198486,-0.006390818394720554,0.79,-0.00907192462371545,0.029512704019422936,1,0,2,0,0.016172972700292235,0.06906079982391125,0.012295294821507412,0.038376014263158606,0,1
104,1.3485103845596313,-0.0068100509233772755,0.79,-0.003163703463116882,0.01258121831908017,1,0,1,0,0.012562656049465189,0.0730399703454295,0.01820351598210598,0.02144452856281584,1,1
105,1.359773874282837,-0.007274031639099121,0.79,0.005276982473992109,0.0015631279666887266,0,1,0,1,0.009427122847201543,0.07252898381494458,0.02664420191921497,0.010426438210424396,1,0
106,1.3714925050735474,-0.007978794164955616,0.79,0.01683334505987695,-0.001424490080190688,0,1,0,2,0.018285273309765274,0.06665658847528173,0.038200564505099815,0.007438820163544982,1,0
107,1.3837850093841553,-0.008658464066684246,0.79,0.02373133027832673,0.003356239234391073,0,1,0,1,0.007608297841092533,0.05869639763221849,0.0450985497235496,0.012219549478126743,1,0
108,1.3966444730758667,-0.009175603277981281,0.79,0.03140064147535361,0.006949892620745919,0,0,0,0,0.008472479767579661,0.0435668282329202,0.052767860920576476,0.01581320286448159,1,1
109,1.4103494882583618,-0.009790094569325447,0.79,0.03933670254504981,0.028003321154730733,0,0,0,0,0.008176517937190849,0.09795699699378853,0.06070392199027268,0.0368666313984664,1,1
110,1.424484372138977,-0.010338599793612957,0.79,0.049350468726561916,0.0319573186637353,0,0,0,0,0.00943521645707518,0.03269773300598254,0.07071768817178478,0.04082062890747097,1,1
111,1.4392963647842407,-0.01068587601184845,0.79,0.06177518672202935,0.03366578310166141,0,0,0,0,0.016157317171697067,0.01637861657515595,0.08314240616725221,0.04252909334539708,1,1
112,1.455500602722168,-0.010854337364435196,0.79,0.07112875761642252,0.014855014281997855,0,0,0,0,0.019365846776306334,0.06608071385711119,0.09249597706164539,0.023718324525733525,1,1
113,1.4718492031097412,-0.010986458510160446,0.79,0.064671183910696,0.008017876166521942,0,0,0,0,0.014729129738272628,0.0073219162730454364,0.08603840335591886,0.016881186410257612,1,1
114,1.4885318279266357,-0.010975539684295654,0.79,0.056481963765596416,-0.0008817782557399984,0,1,0,2,0.008066121936181204,0.011532188491032621,0.07784918321081928,0.007981531987995671,1,0
115,1.5047069787979126,-0.011068105697631836,0.79,0.05476784354119939,-0.006002337264714344,0,1,0,2,0.012759006913359192,0.01259641385460257,0.07613506298642225,0.0028609729790213256,1,0
116,1.5201787948608398,-0.011334926821291447,0.79,0.05898386846727924,-0.006860488061729855,0,1,0,2,0.01938080945322945,0.018936265906963602,0.0803510879125021,0.0020028221820058145,1,0
117,1.5342302322387695,-0.011912686750292778,0.79,0.060254215338932965,-0.006779990362334329,0,1,0,2,0.04116103417517982,0.019207241032186538,0.08162143478415583,0.002083319881401341,1,0
118,1.547469139099121,-0.0126129649579525,0.79,0.06421636645956749,-0.009085623261299483,0,1,0,2,0.04306138667033438,0.02402933922693531,0.08558358590479036,-0.00022231301756381328,1,0
119,1.5603967905044556,-0.012914134189486504,0.79,0.060488498947794955,-0.011752074568568707,0,1,0,2,0.04764418999533851,0.025695672731374734,0.08185571839301782,-0.0028887643248330375,1,0
120,1.5724682807922363,-0.013154411688446999,0.79,0.04573873472023826,-0.013640369177755879,0,1,0,2,0.05575013955377303,0.024174296010262483,0.06710595416546113,-0.004777058934020209,1,0
121,1.5839234590530396,-0.01303835865110159,0.79,0.02049814372978652,-0.01385656562838447,0,1,0,2,0.06670613941335757,0.014919448287979344,0.041865363175009385,-0.004993255384648801,1,0
122,1.5953096151351929,-0.01269750390201807,0.79,-0.003727460315880421,-0.01225721233979049,1,1,2,2,0.07278555004070637,0.015228414038082214,0.01763975912934244,-0.003393902096054821,1,0
123,1.60692298412323,-0.012251987121999264,0.79,-0.02115382175936982,-0.008630698987304286,1,1,2,2,0.07313288290915682,0.014444343006515054,0.0002133976858530416,0.0002326112564313837,0,0
124,1.6186156272888184,-0.011353755369782448,0.79,-0.0279869129290905,-0.003179761109726509,1,1,2,2,0.07122088015089784,0.016570994854070747,-0.00661969348386764,0.005683549134009161,0,0
125,1.630998969078064,-0.010483956895768642,0.79,-0.02553663709721292,0.006711936907275798,1,0,2,0,0.06311698166801132,0.0184689974709355,-0.004169417651990057,0.015575247151011468,0,1
126,1.6439573764801025,-0.009608027525246143,0.79,-0.015901515304254182,0.024346487201794734,1,0,2,0,0.0546904715039193,0.01679332962763345,0.0054657041409686795,0.033209797445530403,0,1
127,1.657750129699707,-0.00875439029186964,0.79,0.0001900563912192038,0.037926478034475436,1,0,2,0,0.046538957587542555,0.011822658133217857,0.021557275836442066,0.046789788278211106,1,1
128,1.6725088357925415,-0.008398165926337242,0.79,0.018457429372086526,0.05413020665981985,0,0,0,0,0.03537886592201749,0.017414634148292807,0.03982464881730939,0.06299351690355552,1,1
129,1.6876312494277954,-0.00768620241433382,0.79,0.02676257095485131,0.06732695631842911,0,0,0,0,0.025155378692265234,0.01188131813536377,0.048129790400074174,0.07619026656216478,1,1
130,1.7035343647003174,-0.007210392039269209,0.79,0.018490438728994585,0.07509125276749105,0,0,0,0,0.014054541803323002,0.014285011273594118,0.03985765817421745,0.08395456301122672,1,1
131,1.7207324504852295,-0.006833232939243317,0.79,0.005702962691905421,0.07430116322798484,0,0,0,0,0.012115779724381734,0.011649849196798978,0.027070182137128283,0.08316447347172051,1,1
132,1.738083839416504,-0.0062739611603319645,0.79,-0.004328273660556964,0.07452683922602515,1,0,2,0,0.007359334022675466,0.014408100217175791,0.017038945784665898,0.08339014946976082,1,1
133,1.755358338356018,-0.005925538018345833,0.79,-0.012467536231992413,0.07548162277950285,1,0,2,0,0.008296904577782422,0.020768344713165573,0.00889968321323045,0.08434493302323852,0,1
134,1.77144455909729,-0.005676401779055595,0.79,-0.017393688745038494,0.08826599560537603,1,0,2,0,0.019372560149033373,0.020814654797735897,0.003973530700184368,0.0971293058491117,0,1
135,1.7854365110397339,-0.005624656565487385,0.79,-0.020043621788323862,0.0977687001951328,1,0,2,0,0.022427175922226174,0.03396543403276683,0.0013235976568989997,0.10663201043886847,0,1
136,1.7981207370758057,-0.005679603200405836,0.79,-0.021809640101557462,0.10434704536417416,1,0,2,0,0.027538016570885674,0.041952738289829164,-0.0004424206563346002,0.11321035560790983,0,1
137,1.8102713823318481,-0.006156247109174728,0.79,-0.022843527048614268,0.10196186106148723,1,0,2,0,0.02991018937019034,0.04575421664136102,-0.001476307603391406,0.1108251713052229,0,1
138,1.8221098184585571,-0.006525183096528053,0.79,-0.022921827349124083,0.08868297998702537,1,0,2,0,0.0262466222047248,0.05115909893746804,-0.0015546079039012208,0.09754629023076104,0,1
139,1.833656907081604,-0.00706930086016655,0.79,-0.02140798533970449,0.06759290516244505,1,0,2,0,0.022584829365138448,0.05795092762297272,-4.076589448162929e-05,0.07645621540618072,0,1
140,1.845106601715088,-0.00786486454308033,0.79,-0.016185036225257174,0.044462130986053616,1,0,2,0,0.021286618658561973,0.062156196920324785,0.005182183219965688,0.053325441229789286,0,1
141,1.856258511543274,-0.008725631982088089,0.79,-0.010541087044243766,0.024492289676622994,1,0,2,0,0.016914973521641914,0.07039847047156579,0.010826132400979096,0.033355599920358664,0,1
142,1.8677891492843628,-0.00986573752015829,0.79,-0.0032029676726981204,0.010540411654065607,1,0,1,0,0.013001314438209394,0.07325168199259402,0.01816425177252474,0.019403721897801277,1,1
143,1.8794867992401123,-0.011077442206442356,0.79,0.010251093799016689,0.004324599298854509,0,1,0,1,0.020999228281374852,0.07074543801049159,0.031618313244239554,0.013187909542590179,1,0
144,1.8915733098983765,-0.012166737578809261,0.79,0.019926001619751776,0.003851848542368405,0,1,0,1,0.008743414636224186,0.06362716669544975,0.04129322106497464,0.012715158786104075,1,0
145,1.9041262865066528,-0.012976864352822304,0.79,0.02867632621790968,0.007764138205842194,0,0,0,0,0.008046585086618091,0.056601186454960054,0.050043545663132544,0.016627448449577864,1,1
146,1.9171918630599976,-0.013742506504058838,0.79,0.03866402793034632,0.010031662756492261,0,0,0,0,0.008930737402428746,0.039449687804095794,0.06003124737556918,0.01889497300022793,1,1
147,1.9307695627212524,-0.01459195464849472,0.79,0.04773061320715698,0.029184949298649357,0,0,0,0,0.01156271247465459,0.08693436055144739,0.06909783265237984,0.03804825954238503,1,1
148,1.9449050426483154,-0.0152965122833848,0.79,0.060835127036097045,0.03015897416983422,0,0,0,0,0.015482762102004662,0.016977967089892826,0.08220234648131991,0.03902228441356989,1,1
149,1.9603219032287598,-0.015862852334976196,0.79,0.07048862454326965,0.0069291228347678965,0,0,0,0,0.0209566153022544,0.056230908608159595,0.09185584398849252,0.015792433078503566,1,1
150,1.9766680002212524,-0.016711529344320297,0.79,0.0762678351882004,0.0013809884975210934,0,1,0,1,0.018603179934507053,0.008827861019492036,0.09763505463342327,0.010244298741256763,1,0
151,1.993652105331421,-0.017514362931251526,0.79,0.06990549451547688,-0.004702752811986954,0,1,0,2,0.009409342520613305,0.0036073710054307026,0.09127271396069975,0.004160557431748715,1,0
152,2.0103774070739746,-0.018121108412742615,0.79,0.06932783222581732,-0.0058419205039677985,0,1,0,2,0.006594821110172854,0.010200748787008588,0.09069505167104018,0.0030213897397678713,1,0
153,2.026087760925293,-0.018935203552246094,0.79,0.07263378461042092,-0.004694036961826825,0,1,0,2,0.014929155229642685,0.017043834210029578,0.09400100405564378,0.004169273281908845,1,0
154,2.0403153896331787,-0.019719790667295456,0.79,0.07579428678190805,-0.005162167085308908,0,1,0,2,0.03349832164994495,0.022543030401490364,0.09716150622713092,0.0037011431584267618,1,0
155,2.0535054206848145,-0.020376045256853104,0.79,0.07751835538392753,-0.005093237659457767,0,1,0,2,0.05088708403405607,0.021116675722719656,0.09888557482915039,0.003770072584277903,1,0
156,2.066110134124756,-0.02049330808222294,0.79,0.08101157194065743,-0.006607726667790817,0,1,0,2,0.04752060507109898,0.02421492085622904,0.1023787913858803,0.002255583575944853,1,0
157,2.0780861377716064,-0.020524295046925545,0.79,0.07336329404446534,-0.008281661875066307,0,1,0,2,0.052426308439804684,0.02724672818459956,0.09473051348968821,0.000581648368669363,1,0
158,2.089406728744507,-0.020505307242274284,0.79,0.05174792930627582,-0.008915063277149707,0,1,0,2,0.06062251425731992,0.023513217216789742,0.07311514875149869,-5.175303341403703e-05,1,0
159,2.1003530025482178,-0.02022205851972103,0.79,0.022358641318128578,-0.008194857007357781,0,1,0,2,0.0744862601739963,0.01212623692409483,0.04372586076335144,0.0006684532363778889,1,0
160,2.111523151397705,-0.01951735094189644,0.79,-0.004418361852658675,-0.005353344919225844,1,1,2,2,0.07615976804618747,0.01759569826998194,0.016948857592564186,0.0035099653245098256,1,0
161,2.1226437091827393,-0.018894406035542488,0.79,-0.02178374906335291,-0.0012804640727307748,1,1,2,1,0.0792268792281498,0.008773475910757701,-0.00041652961813004943,0.007582846171004895,0,0
162,2.134653329849243,-0.0179465189576149,0.79,-0.02622068696163793,0.006393882313972865,1,0,2,0,0.07198705379967422,0.012950364890594404,-0.004853467516415067,0.015257192557708535,0,1
163,2.147062301635742,-0.01710028201341629,0.79,-0.021361465898588006,0.018755715925816124,1,0,2,0,0.05913857187126407,0.014910629603760548,5.753546634856138e-06,0.027619026169551794,0,1
164,2.1603622436523438,-0.016058368608355522,0.79,-0.006589768223887335,0.03466744299957139,1,0,2,0,0.0480566001900951,0.0037412299758146947,0.014777451221335527,0.04353075324330706,0,1
165,2.1747004985809326,-0.015332171693444252,0.79,0.013410152598180694,0.05253397873888213,0,0,0,0,0.037655473313522494,0.017890158114667782,0.03477737204340356,0.0613972889826178,1,1
166,2.1894567012786865,-0.014461137354373932,0.79,0.021553622288332498,0.06507166524890193,0,0,0,0,0.023908874032898417,0.013983163708500243,0.04292084173355536,0.0739349754926376,1,1
167,2.204989194869995,-0.013556121848523617,0.79,0.012528928674157946,0.07305119240470477,0,0,0,0,0.019861222565329125,0.013392128888965273,0.03389614811938081,0.08191450264844044,1,1
168,2.221583127975464,-0.012683369219303131,0.79,-0.002143510356599515,0.07804812644765154,1,0,1,0,0.011278615618638101,0.01039626469733536,0.019223709088623347,0.0869114366913872,1,1
169,2.2382476329803467,-0.011897867545485497,0.79,-0.00946102001094401,0.07787344737248204,1,0,2,0,0.009073818113429229,0.0112688486564298,0.011906199434278852,0.08673675761621771,0,1
170,2.254607677459717,-0.01110818237066269,0.79,-0.01206199744422054,0.07269932284112963,1,0,2,0,0.0002997284137420963,0.02195533013051235,0.009305222001002322,0.0815626330848653,0,1
171,2.2703769207000732,-0.010479154996573925,0.79,-0.014829654018102295,0.07966109154830867,1,0,2,0,0.016975622229520152,0.02067251709558372,0.006537565427120567,0.08852440179204434,0,1
172,2.2837512493133545,-0.010264236479997635,0.79,-0.016903979250652415,0.08934414908175209,1,0,2,0,0.022569208761273104,0.03247188111353299,0.004463240194570447,0.09820745932548776,0,1
173,2.2960779666900635,-0.010205748490989208,0.79,-0.018186460865699222,0.09483493505751625,1,0,2,0,0.024172836303230565,0.0402883461557158,0.0031807585795236397,0.10369824530125192,0,1
174,2.3078694343566895,-0.010524507611989975,0.79,-0.018790793832539746,0.09008796905880559,1,0,2,0,0.02045157086771761,0.04900157901555751,0.0025764256126831163,0.09895127930254126,0,1
175,2.319472074508667,-0.011164285242557526,0.79,-0.019767281559676636,0.0786696987317559,1,0,2,0,0.027908780359537286,0.05212881268446219,0.0015999378855462258,0.08753300897549157,0,1
176,2.330634593963623,-0.011705388315021992,0.79,-0.01863361709618913,0.0608416826836264,1,0,2,0,0.022011752627213152,0.057802543764055386,0.0027336023490337306,0.06970499292736207,0,1
177,2.341695547103882,-0.012493631802499294,0.79,-0.01630053070549553,0.03870810512455983,1,0,2,0,0.021134489327755007,0.06518165013607409,0.005066688739727331,0.0475714153682955,0,1
178,2.3524155616760254,-0.013637367635965347,0.79,-0.012958753603781278,0.0183317529399374,1,0,2,0,0.014795062619460026,0.07683421804932089,0.008408465841441583,0.02719506318367307,0,1
179,2.3637566566467285,-0.014544984325766563,0.79,-0.00662159074235899,0.005612820055598419,1,0,2,0,0.017228594520982167,0.07381492903784544,0.014745628702863871,0.014476130299334089,0,0
180,2.3757383823394775,-0.015415848232805729,0.79,0.0015385333514893323,0.0002637638469975001,1,1,1,2,0.01269525416586019,0.0687274134233042,0.022905752796712194,0.00912707409073317,1,0
181,2.388170003890991,-0.016142655164003372,0.79,0.0148917193932947,0.0013327356310909727,0,1,0,1,0.021648685788141216,0.06018215248180262,0.036258938838517565,0.010196045874826642,1,0
182,2.4012210369110107,-0.01699226349592209,0.79,0.027027993662647617,0.003947702473149017,0,1,0,1,0.013411097086568846,0.04370499907993514,0.04839521310787048,0.012811012716884687,1,0
183,2.41487193107605,-0.017609411850571632,0.79,0.038185890944932716,0.02098900442490307,0,0,0,0,0.011507070186418873,0.08929069059946543,0.05955311039015558,0.02985231466863874,1,1
184,2.429121971130371,-0.01822791062295437,0.79,0.05076158198678711,0.02274380409562205,0,0,0,0,0.012304533389245998,0.027956515205084593,0.07212880143200998,0.03160711433935772,1,1
185,2.4440011978149414,-0.018867213279008865,0.79,0.06325634908412203,0.004051163445099294,0,1,0,1,0.01673471544279306,0.04574316350224004,0.0846235685293449,0.012914473688834964,1,0
186,2.460003614425659,-0.01939627341926098,0.79,0.07551290026510574,0.0022412085247028243,0,1,0,1,0.019905224784092655,0.005665636491979872,0.0968801197103286,0.011104518768438494,1,0
187,2.476304769515991,-0.020200377330183983,0.79,0.07492046080811977,-0.0037776212089089822,0,1,0,2,0.014313489314703642,0.004531599585491352,0.09628768025334264,0.0050856890348266875,1,0
188,2.493659019470215,-0.020498141646385193,0.79,0.07376687431679005,-0.008785680693614614,0,1,0,2,0.0075084121526192826,0.008628892432845404,0.09513409376201291,7.762955012105555e-05,1,0
189,2.510213851928711,-0.020999165251851082,0.79,0.07241833051646376,-0.008576104171224896,0,1,0,2,0.012260710838468289,0.013116125180579688,0.09378554996168663,0.00028720607251077335,1,0
190,2.5252437591552734,-0.02136312797665596,0.79,0.07353307852387782,-0.006704758537651373,0,1,0,2,0.024105545893786252,0.016212431698409302,0.09490029796910068,0.002158551706084297,1,0
191,2.5393519401550293,-0.021517474204301834,0.79,0.07778470282842187,-0.007631910358811778,0,1,0,2,0.03990252348531571,0.028009583639946635,0.09915192227364474,0.0012313998849238922,1,0
192,2.5525104999542236,-0.02197130024433136,0.79,0.08486495636111224,-0.007548068586862855,0,1,0,2,0.04653052669478075,0.025188530183538064,0.10623217580633511,0.0013152416568728148,1,0
193,2.565156936645508,-0.022061683237552643,0.79,0.08508809935327748,-0.007794670058321379,0,1,0,2,0.04714337394470642,0.02550928162775878,0.10645531879850034,0.0010686401854142907,1,0
194,2.5773727893829346,-0.022030668333172798,0.79,0.07315823624037127,-0.006946078311975815,0,1,0,2,0.051995475322980746,0.024719373654794038,0.09452545568559413,0.0019172319317598552,1,0
195,2.5890560150146484,-0.021827246993780136,0.79,0.0464856904566982,-0.005844028933793197,0,1,0,2,0.06227105882246651,0.016548056621690028,0.06785290990192107,0.003019281309942473,1,0
196,2.6005496978759766,-0.021397406235337257,0.79,0.0152442238670365,-0.0035631206277141614,0,1,0,1,0.07270959227869173,0.011119167855401069,0.036611443312259365,0.005300189616021508,1,0
197,2.612013339996338,-0.02024439536035061,0.79,-0.012332869314753081,-0.0018845428309512136,1,1,2,1,0.08287184109773886,0.008720927355118853,0.00903435013046978,0.006978767412784456,0,0
198,2.623849630355835,-0.019160374999046326,0.79,-0.02736878047405822,0.00606349461846227,1,0,2,0,0.07267648653262723,0.02121408065789904,-0.006001561028835357,0.01492680486219794,0,0
199,2.635594606399536,-0.017429910600185394,0.79,-0.027959305280937166,0.015456751198619209,1,0,2,0,0.07412381101294442,0.017708787512741703,-0.006592085835714304,0.02432006144235488,0,1
200,2.6485557556152344,-0.016070634126663208,0.79,-0.01618861001751952,0.030399974344931593,1,0,2,0,0.06210349204712308,0.014993070384120843,0.005178609427703342,0.03926328458866726,0,1
201,2.662092924118042,-0.014940783381462097,0.79,0.005887625832427905,0.04345202963738673,0,0,0,0,0.04995686864820262,0.014675081191059682,0.027254845277650767,0.0523153398811224,1,1
202,2.6760120391845703,-0.013816309161484241,0.79,0.022352299693704385,0.056802953230009334,0,0,0,0,0.03021147977775463,0.014844814691363072,0.04371951913892724,0.065666263473745,1,1
203,2.690261125564575,-0.013308900408446789,0.79,0.015930519344310716,0.07344229944836153,0,0,0,0,0.00919284649784357,0.0259317069749328,0.037297738789533574,0.0823056096920972,1,1
204,2.705580711364746,-0.012459704652428627,0.79,-0.00028686022492373925,0.08163953991381484,1,0,1,0,0.008878926241170444,0.017400266228752615,0.021080359220299123,0.09050285015755051,1,1
205,2.72253155708313,-0.010622726753354073,0.79,-0.006966546737277313,0.07898661621697035,1,0,2,0,0.02224716426905657,0.006311983784538769,0.01440067270794555,0.08784992646070602,0,1
206,2.74031400680542,-0.009358680807054043,0.79,-0.014821441875315963,0.07462782732119347,1,0,2,0,0.005471147255420506,0.014151302081304723,0.006545777569906899,0.08349113756492914,0,1
207,2.757024049758911,-0.007997628301382065,0.79,-0.01781598844023001,0.0762503880227545,1,0,2,0,0.010507583534099516,0.02140006749104454,0.003551231004992852,0.08511369826649016,0,1
208,2.7726902961730957,-0.006679041776806116,0.79,-0.01985753911176104,0.08640993510959655,1,0,2,0,0.019829453451113442,0.020489274901509206,0.0015096803334618235,0.09527324535333222,0,1
209,2.7859554290771484,-0.005928898695856333,0.79,-0.020004034358728023,0.09838943559041986,1,0,2,0,0.025347332256822692,0.032344386152378314,0.0013631850864948385,0.10725274583415553,0,1
210,2.7975058555603027,-0.0051225293427705765,0.79,-0.018147235525348165,0.10189018427517023,1,0,2,0,0.021837884746562702,0.044375607425008845,0.0032199839198746964,0.1107534945189059,0,1
211,2.809260368347168,-0.0049322377890348434,0.79,-0.01804832468102377,0.097214810622617,1,0,2,0,0.026435431892822353,0.046517322115939085,0.003318894764199092,0.10607812086635267,0,1
212,2.8205840587615967,-0.004495676141232252,0.79,-0.01745208931339272,0.08219117143583785,1,0,2,0,0.022967781741862904,0.052639366491106294,0.003915130131830143,0.09105448167957352,0,1
213,2.831782579421997,-0.004045527894049883,0.79,-0.015346117677934076,0.063549490147134,1,0,2,0,0.02445473873701052,0.056384100301900344,0.0060211017672887855,0.07241280039086967,0,1
214,2.8427932262420654,-0.00352895213291049,0.79,-0.011342812912429681,0.04233444356722142,1,0,2,0,0.021236028346677184,0.06431098966919471,0.01002440653279318,0.05119775381095709,0,1
215,2.8536829948425293,-0.0036258730106055737,0.79,-0.0054565037114869125,0.021487555165514025,1,0,2,0,0.014401306712376622,0.07343210321438685,0.01591071573373595,0.030350865409249694,1,1
216,2.865324020385742,-0.003625720739364624,0.79,0.0021130819292539543,0.005974644547142111,1,0,1,0,0.01770878033013463,0.06978706917490292,0.023480301374476816,0.01483795479087778,1,0
217,2.876577854156494,-0.0038069922011345625,0.79,0.009973887742526943,-0.0023811049777844873,0,1,0,2,0.01898512893424355,0.0712004532726817,0.03134110718774981,0.0064822052659511825,1,0
218,2.8886234760284424,-0.0037144068628549576,0.79,0.016025547273365387,-0.0035057163435204958,0,1,0,2,0.004974930090320118,0.06172784731306639,0.03739276671858825,0.005357593900215174,1,0
219,2.9016993045806885,-0.003672727383673191,0.79,0.024443963979159586,-0.0007935077912047325,0,1,0,2,0.01006246346706002,0.04711382499504509,0.04581118342438245,0.008069802452530937,1,0
220,2.914741277694702,-0.0034081460908055305,0.79,0.03191852680381296,0.01880398259450093,0,0,0,0,0.012482979411114018,0.09579108653111176,0.05328574624903583,0.0276672928382366,1,1
221,2.928995132446289,-0.0033989998046308756,0.79,0.04216826993084773,0.02373025343258612,0,0,0,0,0.009849623931836924,0.03657502964030906,0.06353548937607059,0.03259356367632179,1,1
222,2.944247007369995,-0.003044271608814597,0.79,0.05699430342003392,0.0233160341081926,0,0,0,0,0.02007344936722203,0.016545630936351557,0.07836152286525679,0.03217934435192827,1,1
223,2.960207223892212,-0.002487349556759,0.79,0.06797375115963006,0.0057242786909914994,0,0,0,0,0.015717940535788337,0.06224333761103836,0.08934097060485292,0.01458758893472717,1,0
224,2.976278305053711,-0.0019387616775929928,0.79,0.0741520326103166,0.0026014108607165937,0,1,0,1,0.013104932105665898,0.010630798379674464,0.09551925205553946,0.011464721104452263,1,0
225,2.993154525756836,-0.0009630134445615113,0.79,0.06814288659359022,-0.0056171793666270065,0,1,0,2,0.015272293266316109,0.011533276147374505,0.08951010603881308,0.0032461308771086633,1,0
226,3.0092623233795166,-0.00025176952476613224,0.79,0.06377874509182123,-0.004218898780259522,0,1,0,2,0.013942166086247492,0.011496908002752347,0.0851459645370441,0.004644411463476147,1,0
227,3.024190664291382,-0.0002268944081151858,0.79,0.06507510281332682,-0.0031171114226630214,0,1,0,2,0.021205366410925023,0.022017774955216327,0.08644232225854968,0.005746198821072648,1,0
228,3.037436008453369,3.684118188012356e-16,0.79,0.06479688282471266,-0.004230537679607016,0,1,0,2,0.03747435773725557,0.02175799329451468,0.08616410226993552,0.004632772564128654,1,0
